shipment_id,booking_date,departure_date,arrival_date,weight_kg,volume_cbm,freight_cost_eur,status,origin_country,destination_country,customer_name,customer_segment,carrier_name,mode,carrier_mode,Anno_Settimana,Giorni_Transito,SLA_Rispettato,Costo_per_Kg,Costo_per_CBM,Categoria_Errore,Insuccesso_Flag
1,2024-09-07,2024-09-11,2024-10-05,"2299,8","8,81","4186,75",Delayed,Netherlands,Italy,Riverstone Logistics Partners,SME,Maersk,Sea,Sea,2024-36,"24,0",,"1,8204843899469518","475,2270147559591",Dati Validi,1
2,2024-08-26,2024-09-04,2024-10-13,"12369,3","48,05","25964,31",Delivered,Italy,UK,Nordic Textiles AB,Key Account,MSC,Sea,Sea,2024-35,"39,0","1,0","2,099092915524727","540,3602497398543",Dati Validi,0
3,2025-03-08,2025-03-14,2025-04-11,"4776,1","18,06","3265,01",Delivered,Sweden,Italy,Mediterraneo Ceramiche,Standard,Emirates SkyCargo,Sea,Air,2025-09,"28,0","1,0",,,Dati Validi,0
4,2024-02-14,2024-02-22,2024-03-03,"21409,9","103,54","37270,17",Delivered,Netherlands,Italy,Green Valley Foods,SME,DHL Global Forwarding,Road,Road,2024-07,"10,0","1,0","1,7407914095815484","359,9591462236816",Dati Validi,0
5,2024-03-12,2024-03-13,,"6402,1","39,53","6223,03",Cancelled,Italy,UK,Coastal Imports,SME,DHL Global Forwarding,Road,Road,2024-11,,,"0,9720294903234875","157,42549962054136",Dati Validi,1
6,2024-06-15,2024-06-21,2024-06-28,"14760,3","57,82","30193,6",Delivered,Italy,USA,Delta Manufacturing,Standard,,Road,Road,2024-24,"7,0","1,0","2,045595279228742","522,1999308197855",Anagrafica Carrier Mancante,0
7,2024-06-16,2024-06-24,2024-07-02,"21770,0","88,5","38097,13",Delivered,Italy,UK,Riverstone Logistics Partners,SME,Maersk Line,Road,Sea,2024-24,"8,0","1,0",,,Dati Validi,0
8,2025-02-14,2025-02-19,2025-03-13,"20093,3","85,48","42782,38",Delivered,Italy,USA,Nordic Textiles AB,Key Account,Lufthansa Cargo,Sea,Air,2025-06,"22,0","1,0",,,Dati Validi,0
9,2024-05-26,2024-05-31,2024-06-04,"16402,5","71,05","36167,9",Delivered,Italy,Portugal,Mediterraneo Ceramiche,Standard,CMA CGM,Road,Sea,2024-21,"4,0","1,0",,,Dati Validi,0
10,2024-05-21,2024-05-30,2024-06-03,"16639,4","59,6","12865,4",Delivered,Italy,UK,Coastal Imports,SME,CMA CGM,Air,Sea,2024-21,"4,0","1,0",,,Dati Validi,0
11,2025-01-29,2025-02-05,,"5568,5","23,9","15110,52",In Transit,Italy,Germany,Riverstone Logistics Partners,SME,CMA CGM,Road,Sea,2025-04,,,,,Dati Validi,0
12,2024-04-24,2024-04-29,2024-05-03,"10009,2","34,15","25185,68",Delivered,Italy,USA,Atlantic Furniture Co,Standard,Cosco Shipping,Air,Sea,2024-17,"4,0","1,0",,,Dati Validi,0
13,2024-11-01,2024-11-10,2024-11-15,"8257,4","47,39","22572,04",Delivered,Italy,Germany,Far East Trading Co,Standard,Maersk Line,Road,Sea,2024-44,"5,0","1,0",,,Dati Validi,0
14,2024-04-24,2024-04-30,2024-05-03,"1321,5","4,69","3611,92",Delivered,China,Italy,Nordic Textiles AB,Key Account,DHL Global Forwarding,Air,Road,2024-17,"3,0","1,0",,,Dati Validi,0
15,2024-05-11,2024-05-19,2024-05-29,"5868,0","20,89","8430,47",Delivered,Sweden,Italy,Mediterraneo Ceramiche,Standard,Maersk,Road,Sea,2024-19,"10,0","1,0",,,Dati Validi,0
16,2025-02-12,2025-02-18,,"9960,1","53,21","5571,89",In Transit,Netherlands,Italy,Far East Trading Co,Standard,Lufthansa Cargo,Road,Air,2025-06,,,,,Dati Validi,0
17,2024-01-08,2024-01-10,2024-01-12,"1529,4","9,89","2054,57",Delivered,Italy,UK,Far East Trading Co,Standard,Lufthansa Cargo,Road,Air,2024-02,"2,0","1,0",,,Dati Validi,0
18,2024-05-15,2024-05-25,2024-07-02,"5383,8","24,37","7496,2",Delivered,Germany,Netherlands,Delta Manufacturing,Standard,,Sea,Road,2024-20,"38,0","1,0",,,Anagrafica Carrier Mancante,0
19,2025-02-24,2025-03-04,2025-03-05,"14393,3","58,29","8155,99",Delayed,Spain,Italy,Riverstone Logistics Partners,SME,CMA CGM,Air,Sea,2025-08,"1,0",,,,Dati Validi,1
20,2025-04-04,2025-04-07,2025-05-10,"6164,1","32,88","16329,38",Delivered,Italy,UK,Atlantic Furniture Co,Standard,Lufthansa Cargo,Sea,Air,2025-13,"33,0","1,0",,,Dati Validi,0
21,2024-01-16,2024-01-18,2024-02-14,"8970,8","40,37","22570,03",Delivered,Germany,Netherlands,Far East Trading Co,Standard,Maersk,Sea,Sea,2024-03,"27,0","1,0","2,515943951487047","559,0792667822641",Dati Validi,0
22,2024-09-28,2024-10-06,2024-11-04,"15340,2","59,1","35258,35",Delivered,Spain,Italy,Atlantic Furniture Co.,Standard,CMA CGM,Sea,Sea,2024-39,"29,0","1,0","2,298428312538298","596,587986463621",Dati Validi,0
23,2024-08-10,2024-08-11,2024-09-18,"11951,2","45,58","6674,61",Delayed,Netherlands,Italy,Mediterraneo Ceramiche,Standard,Maersk Line,Sea,Sea,2024-32,"38,0",,"0,558488687328469","146,43725318121983",Dati Validi,1
24,2025-06-04,2025-06-06,2025-07-01,"13111,0","52,18","12737,38",Delivered,China,Italy,Far East Trading Co,Standard,Cosco Shipping,Sea,Sea,2025-22,"25,0","1,0","0,9715033178247273","244,10463779225756",Dati Validi,0
25,2024-03-24,2024-03-31,2024-04-10,"20566,8","113,86","43711,72",Delivered,China,Italy,Coastal Imports,SME,Lufthansa Cargo,Road,Air,2024-12,"10,0","1,0",,,Dati Validi,0
26,2025-04-13,2025-04-19,2025-04-22,"10109,4","33,72","28287,25",Delivered,Netherlands,Italy,Pinnacle Electronics,Key Account,Maersk Line,Road,Sea,2025-14,"3,0","1,0",,,Dati Validi,0
27,2024-12-23,2024-12-25,2024-12-27,"6305,5","29,23","10898,71",Delivered,Sweden,Italy,Sunrise Apparel Ltd,Key Account,Cosco Shipping,Air,Sea,2024-52,"2,0","1,0",,,Dati Validi,0
28,2024-11-02,2024-11-04,2024-11-28,"2583,7","15,56","4609,28",Delivered,Germany,Netherlands,Riverstone Logistics Partners,SME,Cosco Shipping,Sea,Sea,2024-44,"24,0","1,0","1,7839842086929598","296,22622107969147",Dati Validi,0
29,2024-07-27,2024-08-01,2024-08-11,"5562,1","19,43","3174,96",Delivered,Italy,USA,Coastal Imports,SME,Lufthansa Cargo,Road,Air,2024-30,"10,0","1,0",,,Dati Validi,0
30,2024-05-13,2024-05-18,2024-06-12,"9748,3","38,1","17111,41",Delayed,Italy,USA,Delta Manufacturing,Standard,MSC,Sea,Sea,2024-20,"25,0",,"1,7553224664813354","449,11837270341204",Dati Validi,1
31,2025-01-13,2025-01-23,2025-02-02,"9483,8","60,69","12469,98",Delivered,China,Italy,Pinnacle Electronics ,Key Account,Maersk Line,Road,Sea,2025-02,"10,0","1,0",,,Dati Validi,0
32,2024-04-15,2024-04-21,,"8970,0","36,9","7290,68",Cancelled,Italy,UK,Nordic Textiles AB,Key Account,DHL Global Forwarding,Sea,Road,2024-16,,,,,Dati Validi,1
33,2024-07-02,2024-07-08,,"14754,5","56,69","14795,32",Cancelled,China,Italy,Atlantic Furniture Co.,Standard,Maersk Line,Air,Sea,2024-27,,,,,Dati Validi,1
34,2025-04-26,2025-04-30,,"20210,0","99,83","48238,26",Cancelled,China,Italy,Pinnacle Electronics ,Key Account,Maersk,Air,Sea,2025-16,,,,,Dati Validi,1
35,2025-02-12,2025-02-18,,"1573,8","5,92","2184,13",Cancelled,Italy,UK,Sunrise Apparel Ltd,Key Account,MSC,Road,Sea,2025-06,,,,,Dati Validi,1
36,2024-04-28,2024-05-03,,"21177,6","111,57","14182,83",In Transit,China,Italy,Riverstone Logistics Partners,SME,Cosco Shipping,Air,Sea,2024-17,,,,,Dati Validi,0
37,2024-04-28,2024-05-05,2024-05-10,"5641,2","22,01","2653,33",Delivered,Germany,Netherlands,Pinnacle Electronics ,Key Account,DHL Global Forwarding,Air,Road,2024-17,"5,0","1,0",,,Dati Validi,0
38,2024-03-12,2024-03-18,2024-03-23,"14611,4","86,61","37634,32",Delivered,Spain,Italy,Far East Trading Co,Standard,Lufthansa Cargo,Air,Air,2024-11,"5,0","1,0","2,575682001724681","434,52626717469116",Dati Validi,0
39,2024-10-29,2024-11-07,2024-11-09,"9278,8","31,88","19160,78",Delivered,Spain,Italy,Riverstone Logistics Partners,SME,CMA CGM,Air,Sea,2024-44,"2,0","1,0",,,Dati Validi,0
40,2024-01-01,2024-01-06,2024-01-09,"9486,0","40,03","18912,44",Delivered,Germany,Netherlands,Coastal Imports,SME,Emirates SkyCargo,Air,Air,2024-01,"3,0","1,0","1,9937212734556187","472,4566575068698",Dati Validi,0
41,2024-06-22,2024-06-24,,"14621,6","60,2","9508,97",In Transit,Italy,Portugal,Mediterraneo Ceramiche,Standard,Lufthansa Cargo,Road,Air,2024-25,,,,,Dati Validi,0
42,2024-05-30,2024-05-31,2024-06-21,"21647,4","89,57","48794,27",Delivered,Italy,UK,Sunrise Apparel Ltd,Key Account,Emirates SkyCargo,Sea,Air,2024-22,"21,0","1,0",,,Dati Validi,0
43,2025-05-21,2025-05-28,2025-06-02,"14450,5","95,81","32144,07",Delivered,Spain,Italy,Riverstone Logistics Partners,SME,Lufthansa Cargo,Road,Air,2025-20,"5,0","1,0",,,Dati Validi,0
44,2025-06-14,2025-06-22,,"5519,9","19,91","8585,55",In Transit,Sweden,Italy,Atlantic Furniture Co,Standard,CMA CGM,Sea,Sea,2025-23,,,"1,55538143806953","431,21798091411347",Dati Validi,0
45,2025-03-29,2025-04-08,2025-04-18,"18281,0","78,74","46987,15",Delivered,Italy,USA,Riverstone Logistics Partners,SME,Cosco Shipping,Road,Sea,2025-12,"10,0","1,0",,,Dati Validi,0
46,2024-10-10,2024-10-19,2024-10-23,"5301,4","24,55","11331,32",Delayed,Italy,UK,Mediterraneo Ceramiche,Standard,,Air,Road,2024-41,"4,0",,,,Anagrafica Carrier Mancante,1
47,2024-05-21,2024-05-24,2024-05-29,"15282,2","59,7","8661,28",Delivered,Italy,Germany,Green Valley Foods,SME,DHL Global Forwarding,Road,Road,2024-21,"5,0","1,0","0,5667560953265891","145,08006700167505",Dati Validi,0
48,2024-07-30,2024-08-06,,"12870,5","50,61","31929,93",Cancelled,China,Italy,Far East Trading Co,Standard,,Air,Road,2024-31,,,,,Anagrafica Carrier Mancante,1
49,2024-11-01,2024-11-08,,"16458,0","70,96","30538,38",In Transit,Italy,USA,Pinnacle Electronics,Key Account,,Sea,Road,2024-44,,,,,Anagrafica Carrier Mancante,0
50,2024-01-30,2024-02-06,2024-02-09,"14957,2","71,01","12121,12",Delayed,Italy,Portugal,Sunrise Apparel Ltd,Key Account,Emirates SkyCargo,Air,Air,2024-05,"3,0",,"0,8103869708234162","170,69595831573017",Dati Validi,1
51,2024-01-28,2024-01-30,2024-03-10,"3028,6","13,81","1759,63",Delivered,Spain,Italy,Atlantic Furniture Co.,Standard,Cosco Shipping,Sea,Sea,2024-04,"40,0","1,0","0,5810044244865615","127,41708906589429",Dati Validi,0
52,2025-01-23,2025-01-28,2025-02-01,"18376,3","83,32","40453,06",Delivered,Italy,USA,Sunrise Apparel Ltd,Key Account,,Air,Road,2025-03,"4,0","1,0",,,Anagrafica Carrier Mancante,0
53,2024-02-11,2024-02-12,2024-02-17,"18471,1","75,95","18179,04",Delivered,Italy,Germany,Green Valley Foods,SME,Lufthansa Cargo,Road,Air,2024-06,"5,0","1,0",,,Dati Validi,0
54,2025-01-12,2025-01-15,,"21204,0","82,26","48170,44",In Transit,Netherlands,Italy,Atlantic Furniture Co,Standard,Lufthansa Cargo,Air,Air,2025-01,,,"2,271761931710998","585,5876489180647",Dati Validi,0
55,2024-11-15,2024-11-25,2024-12-03,"20715,3","115,25","38063,98",Delivered,China,Italy,Delta Manufacturing,Standard,Maersk,Road,Sea,2024-46,"8,0","1,0",,,Dati Validi,0
56,2024-05-03,2024-05-13,2024-05-15,"11743,8","47,12","6917,71",Delivered,Netherlands,Italy,Sunrise Apparel Ltd,Key Account,Maersk,Road,Sea,2024-18,"2,0","1,0",,,Dati Validi,0
57,2025-03-19,2025-03-25,2025-03-29,"3408,2","19,32","5908,66",Delayed,Italy,Germany,Nordic Textiles AB,Key Account,CMA CGM,Air,Sea,2025-11,"4,0",,,,Dati Validi,1
58,2025-03-22,2025-04-01,2025-04-04,"18745,1","68,26","11755,42",Delivered,Italy,Portugal,Coastal Imports,SME,Cosco Shipping,Air,Sea,2025-11,"3,0","1,0",,,Dati Validi,0
59,2024-12-10,2024-12-11,,"7184,1","32,2","9131,9",Cancelled,Spain,Italy,Sunrise Apparel Ltd,Key Account,,Road,Road,2024-50,,,"1,2711265154995057","283,59937888198755",Anagrafica Carrier Mancante,1
60,2025-06-13,2025-06-17,2025-06-20,"15855,6","71,01","35484,73",Delivered,China,Italy,Delta Manufacturing,Standard,Emirates SkyCargo,Road,Air,2025-23,"3,0","1,0",,,Dati Validi,0
61,2024-04-05,2024-04-10,2024-04-12,"15234,7","77,76","27573,1",Delivered,China,Italy,Riverstone Logistics Partners,SME,,Air,Road,2024-14,"2,0","1,0",,,Anagrafica Carrier Mancante,0
62,2024-12-04,2024-12-10,2024-12-14,"6780,4","36,73","14610,03",Delivered,Germany,Netherlands,Far East Trading Co,Standard,DHL Global Forwarding,Air,Road,2024-49,"4,0","1,0",,,Dati Validi,0
63,2024-07-15,2024-07-19,2024-07-28,"15954,6","53,81","26619,78",Delivered,Sweden,Italy,Pinnacle Electronics ,Key Account,Cosco Shipping,Road,Sea,2024-29,"9,0","1,0",,,Dati Validi,0
64,2025-01-04,2025-01-07,2025-01-10,"15591,0","92,26","8008,61",Delivered,Italy,UK,Atlantic Furniture Co,Standard,Lufthansa Cargo,Air,Air,2025-00,"3,0","1,0","0,5136687832724007","86,80479080858443",Dati Validi,0
65,2024-04-15,2024-04-16,2024-04-22,"10557,8","52,5","28825,96",Delivered,Italy,Portugal,Delta Manufacturing,Standard,Maersk Line,Road,Sea,2024-16,"6,0","1,0",,,Dati Validi,0
66,2025-05-18,2025-05-20,2025-06-27,"15117,6","87,51","35859,29",Delayed,Spain,Italy,Mediterraneo Ceramiche,Standard,Maersk,Sea,Sea,2025-19,"38,0",,"2,3720226755569667","409,773625871329",Dati Validi,1
67,2025-03-02,2025-03-12,,"13624,3","51,15","273831,3",Cancelled,Germany,Netherlands,Atlantic Furniture Co,Standard,Lufthansa Cargo,Sea,Air,2025-08,,,,,Dati Validi,1
68,2024-04-11,2024-04-15,2024-04-17,"14546,4","83,81","11962,9",Delivered,China,Italy,Delta Manufacturing,Standard,CMA CGM,Air,Sea,2024-15,"2,0","1,0",,,Dati Validi,0
69,2024-10-25,2024-10-26,2024-10-28,"15567,7","60,94","23481,4",Delivered,Italy,Portugal,Nordic Textiles AB,Key Account,CMA CGM,Air,Sea,2024-43,"2,0","1,0",,,Dati Validi,0
70,2024-08-18,2024-08-21,,"3172,1","19,96","7561,42",Cancelled,Italy,Germany,Delta Manufacturing,Standard,Lufthansa Cargo,Air,Air,2024-33,,,"2,3837268686359194","378,82865731462925",Dati Validi,1
71,2025-04-24,2025-04-29,2025-05-03,"11035,4","49,25","6608,61",Delivered,Italy,Germany,Coastal Imports,SME,Emirates SkyCargo,Air,Air,2025-16,"4,0","1,0","0,5988555013864473","134,18497461928933",Dati Validi,0
72,2024-01-27,2024-01-29,2024-02-03,"18399,3","77,87","49744,7",Delayed,Netherlands,Italy,Pinnacle Electronics,Key Account,DHL Global Forwarding,Road,Road,2024-04,"5,0",,"2,703619159424543","638,8172595351226",Dati Validi,1
73,2024-06-28,2024-07-06,2024-07-16,"9756,9","50,89","27450,35",Delayed,China,Italy,Riverstone Logistics Partners,SME,Emirates SkyCargo,Road,Air,2024-26,"10,0",,,,Dati Validi,1
74,2025-02-22,2025-02-28,2025-03-03,"2346,0","13,47","3479,54",Delayed,Italy,USA,Mediterraneo Ceramiche,Standard,Maersk,Air,Sea,2025-07,"3,0",,,,Dati Validi,1
75,2025-04-10,2025-04-12,2025-04-19,"7145,9","24,18","10020,14",Delivered,China,Italy,Riverstone Logistics Partners,SME,CMA CGM,Road,Sea,2025-14,"7,0","1,0",,,Dati Validi,0
76,2024-02-25,2024-02-29,2024-03-05,"13716,8","61,02","20106,91",Delivered,Spain,Italy,Nordic Textiles AB,Key Account,Cosco Shipping,Air,Sea,2024-08,"5,0","1,0",,,Dati Validi,0
77,2025-03-24,2025-04-01,2025-04-24,"21410,6","88,72","20966,08",Delivered,Netherlands,Italy,Delta Manufacturing,Standard,Cosco Shipping,Sea,Sea,2025-12,"23,0","1,0","0,9792383212053843","236,3174030658251",Dati Validi,0
78,2024-04-05,2024-04-09,2024-04-12,"20838,0","84,31","16411,91",Delivered,Spain,Italy,Far East Trading Co,Standard,MSC,Road,Sea,2024-14,"3,0","1,0",,,Dati Validi,0
79,2025-03-01,2025-03-09,2025-03-18,"10076,5","58,69","8900,03",Delivered,Netherlands,Italy,Delta Manufacturing,Standard,Cosco Shipping,Road,Sea,2025-08,"9,0","1,0",,,Dati Validi,0
80,2025-02-28,2025-03-06,2025-04-11,"18061,1","93,86","20421,26",Delivered,Netherlands,Italy,Pinnacle Electronics ,Key Account,Maersk Line,Sea,Sea,2025-08,"36,0","1,0","1,1306764261312987","217,57148945237586",Dati Validi,0
81,2025-05-10,2025-05-16,,"16795,1","81,3","44674,03",In Transit,Italy,Portugal,Riverstone Logistics Partners,SME,,Sea,Road,2025-18,,,,,Anagrafica Carrier Mancante,0
82,2024-08-27,2024-09-03,2024-09-05,"16396,3","64,1","38673,5",Delivered,Spain,Italy,Pinnacle Electronics ,Key Account,Lufthansa Cargo,Road,Air,2024-35,"2,0","1,0",,,Dati Validi,0
83,2024-05-09,2024-05-18,2024-05-23,"19139,9","68,08","28115,84",Delivered,China,Italy,Riverstone Logistics Partners,SME,Maersk Line,Air,Sea,2024-19,"5,0","1,0",,,Dati Validi,0
84,2025-02-23,2025-02-26,2025-03-01,"17204,5","90,67","32805,8",Delivered,Sweden,Italy,Mediterraneo Ceramiche,Standard,MSC,Road,Sea,2025-07,"3,0","1,0",,,Dati Validi,0
85,2025-01-24,2025-01-30,,"11925,3","49,15","11778,95",Cancelled,Germany,Netherlands,Atlantic Furniture Co,Standard,DHL Global Forwarding,Road,Road,2025-03,,,"0,9877277720476635","239,6531027466938",Dati Validi,1
86,2025-03-20,2025-03-22,2025-03-25,"3701,7","18,99","1901,38",Delivered,Italy,Germany,Delta Manufacturing,Standard,Lufthansa Cargo,Road,Air,2025-11,"3,0","1,0",,,Dati Validi,0
87,2025-03-17,2025-03-20,,"9094,5","36,05","7679,14",In Transit,Italy,USA,Nordic Textiles AB,Key Account,Emirates SkyCargo,Air,Air,2025-11,,,"0,8443718731101215","213,01359223300975",Dati Validi,0
88,2025-05-24,2025-06-03,2025-06-07,"10172,2","54,08","10355,53",Delivered,Italy,UK,Coastal Imports,SME,CMA CGM,Road,Sea,2025-20,"4,0","1,0",,,Dati Validi,0
89,2024-06-10,2024-06-12,2024-06-21,"21729,0","111,5","59152,64",Delivered,Germany,Netherlands,Mediterraneo Ceramiche,Standard,Emirates SkyCargo,Road,Air,2024-24,"9,0","1,0",,,Dati Validi,0
90,2025-05-09,2025-05-11,2025-06-07,"12603,7","53,36","35222,63",Delivered,Spain,Italy,Mediterraneo Ceramiche,Standard,Emirates SkyCargo,Sea,Air,2025-18,"27,0","1,0",,,Dati Validi,0
91,2024-02-20,2024-03-01,,"-19896,2","103,13","46367,23",Cancelled,China,Italy,Riverstone Logistics Partners,SME,CMA CGM,Air,Sea,2024-08,,,,,Valori Negativi o Zero,1
92,2024-09-13,2024-09-16,2024-09-19,"14237,2","72,51","21010,34",Delayed,Italy,UK,Green Valley Foods,SME,Lufthansa Cargo,Road,Air,2024-37,"3,0",,,,Dati Validi,1
93,2024-11-30,2024-12-07,2025-01-01,"2950,9","12,78","8296,4",Delivered,Netherlands,Italy,Pinnacle Electronics ,Key Account,Maersk Line,Sea,Sea,2024-48,"25,0","1,0","2,811481243010607","649,170579029734",Dati Validi,0
94,2024-10-29,2024-11-04,2024-11-05,"21185,5","123,81","57967,15",Delivered,Italy,Portugal,Delta Manufacturing,Standard,Maersk Line,Air,Sea,2024-44,"1,0","1,0",,,Dati Validi,0
95,2024-04-02,2024-04-09,2024-04-11,"11827,8","54,2","24115,83",Delivered,Italy,USA,Pinnacle Electronics ,Key Account,CMA CGM,Road,Sea,2024-14,"2,0","1,0",,,Dati Validi,0
96,2024-04-20,2024-04-24,2024-05-03,"13649,1","46,83","16467,95",Delivered,Italy,USA,Coastal Imports,SME,CMA CGM,Road,Sea,2024-16,"9,0","1,0",,,Dati Validi,0
97,2024-11-05,2024-11-12,2024-11-15,"1045,4","6,72","3007,54",Delivered,Italy,Portugal,Riverstone Logistics Partners,SME,Maersk,Road,Sea,2024-45,"3,0","1,0",,,Dati Validi,0
98,2025-04-09,2025-04-15,2025-05-22,"12942,1","49,97","32957,94",Delivered,Spain,Italy,Sunrise Apparel Ltd,Key Account,Cosco Shipping,Sea,Sea,2025-14,"37,0","1,0","2,5465681767255703","659,5545327196319",Dati Validi,0
99,2025-01-14,2025-01-18,2025-01-22,"20914,7","75,15","13643,0",Delivered,China,Italy,Mediterraneo Ceramiche,Standard,CMA CGM,Air,Sea,2025-02,"4,0","1,0",,,Dati Validi,0
100,2024-10-09,2024-10-13,,"18141,0","110,78","16764,97",Cancelled,Spain,Italy,Far East Trading Co,Standard,DHL Global Forwarding,Sea,Road,2024-41,,,,,Dati Validi,1
101,2024-05-08,2024-05-18,2024-05-20,"18264,5","78,34","33344,35",Delivered,Italy,UK,Nordic Textiles AB,Key Account,MSC,Air,Sea,2024-19,"2,0","1,0",,,Dati Validi,0
102,2024-10-10,2024-10-13,,"5551,9","31,51","11088,09",In Transit,China,Italy,Sunrise Apparel Ltd,Key Account,DHL Global Forwarding,Sea,Road,2024-41,,,,,Dati Validi,0
103,2024-01-17,2024-01-20,2024-02-17,"2832,4","13,29","1977,77",Delivered,Italy,USA,Nordic Textiles AB,Key Account,DHL Global Forwarding,Sea,Road,2024-03,"28,0","1,0",,,Dati Validi,0
104,2025-04-07,2025-04-16,,"1001,9","3,75","2717,98",In Transit,Italy,Germany,Mediterraneo Ceramiche,Standard,DHL Global Forwarding,Road,Road,2025-14,,,"2,7128256313005292","724,7946666666667",Dati Validi,0
105,2025-02-15,2025-02-22,2025-03-17,"15687,2","72,45","40294,37",Delivered,Italy,Portugal,Mediterraneo Ceramiche,Standard,MSC,Sea,Sea,2025-06,"23,0","1,0","2,568614539242185","556,167977915804",Dati Validi,0
106,2024-11-28,2024-12-05,,"6523,0","28,88","9671,64",In Transit,Netherlands,Italy,Atlantic Furniture Co.,Standard,Maersk,Sea,Sea,2024-48,,,"1,482698145025295","334,89058171745154",Dati Validi,0
107,2025-03-16,2025-03-24,2025-03-29,"7489,5","34,35","10556,41",Delivered,Italy,UK,Atlantic Furniture Co,Standard,Cosco Shipping,Road,Sea,2025-10,"5,0","1,0",,,Dati Validi,0
108,2025-01-18,2025-01-21,2025-01-30,"2052,4","12,61","3258,89",Delivered,Netherlands,Italy,Pinnacle Electronics,Key Account,DHL Global Forwarding,Road,Road,2025-02,"9,0","1,0","1,5878435002923406","258,43695479777955",Dati Validi,0
109,2024-12-03,2024-12-05,2024-12-13,"19225,7","66,03","27575,84",Delivered,China,Italy,Green Valley Foods,SME,Maersk Line,Road,Sea,2024-49,"8,0","1,0",,,Dati Validi,0
110,2024-12-26,2024-12-28,2025-01-07,"3446,3","15,5","8558,97",Delivered,Netherlands,Italy,Nordic Textiles AB,Key Account,Emirates SkyCargo,Road,Air,2024-52,"10,0","1,0",,,Dati Validi,0
111,2024-08-19,2024-08-26,,"18014,5","74,43","35051,96",Cancelled,Netherlands,Italy,Far East Trading Co,Standard,DHL Global Forwarding,Sea,Road,2024-34,,,,,Dati Validi,1
112,2024-10-06,2024-10-11,2024-11-10,"184,0","0,66","513,96",Delivered,Sweden,Italy,Riverstone Logistics Partners,SME,Emirates SkyCargo,Sea,Air,2024-40,"30,0","1,0",,,Dati Validi,0
113,2024-08-08,2024-08-15,2024-09-17,"7532,7","36,65","16380,33",Delivered,Germany,Netherlands,Atlantic Furniture Co.,Standard,MSC,Sea,Sea,2024-32,"33,0","1,0","2,1745629057310127","446,9394270122783",Dati Validi,0
114,2024-06-10,2024-06-20,2024-07-11,"1840,7","8,5","2871,92",Delayed,Sweden,Italy,Coastal Imports,SME,Maersk,Sea,Sea,2024-24,"21,0",,"1,5602325202368663","337,8729411764706",Dati Validi,1
115,2024-04-26,2024-05-02,2024-06-04,"6267,3","24,89","10110,11",Delivered,Germany,Netherlands,Pinnacle Electronics,Key Account,Emirates SkyCargo,Sea,Air,2024-17,"33,0","1,0",,,Dati Validi,0
116,2024-01-08,2024-01-12,2024-01-15,"16893,3","63,84","18584,64",Delivered,China,Italy,Nordic Textiles AB,Key Account,Lufthansa Cargo,Air,Air,2024-02,"3,0","1,0","1,1001189820816537","291,11278195488717",Dati Validi,0
117,2025-01-24,2025-02-02,,"12314,0","49,22","15581,49",In Transit,Sweden,Italy,Mediterraneo Ceramiche,Standard,CMA CGM,Sea,Sea,2025-03,,,"1,265347571869417","316,5682649329541",Dati Validi,0
118,2025-04-15,2025-04-17,,"9472,8","44,97","18493,89",In Transit,China,Italy,Pinnacle Electronics ,Key Account,MSC,Air,Sea,2025-15,,,,,Dati Validi,0
119,2025-04-16,2025-04-22,2025-04-23,"18586,4","99,66","33935,94",Delivered,Sweden,Italy,Pinnacle Electronics,Key Account,MSC,Air,Sea,2025-15,"1,0","1,0",,,Dati Validi,0
120,2024-08-14,2024-08-20,2024-08-24,"11255,1","67,35","18644,06",Delivered,Italy,USA,Pinnacle Electronics,Key Account,Emirates SkyCargo,Road,Air,2024-33,"4,0","1,0",,,Dati Validi,0
121,2024-08-29,2024-08-31,2024-09-04,"4380,1","18,22","10023,03",Delivered,Sweden,Italy,Green Valley Foods,SME,DHL Global Forwarding,Road,Road,2024-35,"4,0","1,0","2,2883107691605216","550,1114160263447",Dati Validi,0
122,2024-11-26,2024-12-02,2024-12-04,"1548,9","7,16","1891,39",Delivered,Italy,Portugal,Atlantic Furniture Co.,Standard,,Air,Road,2024-48,"2,0","1,0",,,Anagrafica Carrier Mancante,0
123,2024-11-13,2024-11-21,2024-11-30,"1298,7","4,73","1111,13",Delivered,Italy,Germany,Nordic Textiles AB,Key Account,DHL Global Forwarding,Road,Road,2024-46,"9,0","1,0","0,8555709555709556","234,91120507399577",Dati Validi,0
124,2024-02-12,2024-02-20,2024-02-25,"4181,9","17,37","7089,97",Delayed,Italy,Portugal,Atlantic Furniture Co,Standard,Cosco Shipping,Air,Sea,2024-07,"5,0",,,,Dati Validi,1
125,2025-05-31,2025-06-03,2025-06-04,"15582,3","52,18","26095,22",Delivered,Italy,Germany,Mediterraneo Ceramiche,Standard,Maersk,Air,Sea,2025-21,"1,0","1,0",,,Dati Validi,0
126,2025-02-22,2025-02-28,2025-03-05,"17373,5","70,31","9780,76",Delivered,Spain,Italy,Green Valley Foods,SME,DHL Global Forwarding,Air,Road,2025-07,"5,0","1,0",,,Dati Validi,0
127,2024-06-02,2024-06-08,,"14616,3","50,84","17008,8",In Transit,Netherlands,Italy,Riverstone Logistics Partners,SME,CMA CGM,Air,Sea,2024-22,,,,,Dati Validi,0
128,2024-11-13,2024-11-22,2024-12-24,"17427,0","64,08","35338,42",Delayed,Italy,Germany,Riverstone Logistics Partners,SME,CMA CGM,Sea,Sea,2024-46,"32,0",,"2,027797096459517","551,4734706616729",Dati Validi,1
129,2025-06-04,2025-06-10,2025-06-30,"6829,6","23,34","8651,34",Delivered,Spain,Italy,Pinnacle Electronics ,Key Account,Cosco Shipping,Sea,Sea,2025-22,"20,0","1,0","1,2667418296825583","370,66580976863753",Dati Validi,0
130,2024-03-20,2024-03-25,,"16970,7","61,65","42843,58",In Transit,Sweden,Italy,Sunrise Apparel Ltd,Key Account,Lufthansa Cargo,Sea,Air,2024-12,,,,,Dati Validi,0
131,2024-06-06,2024-06-09,,"15258,0","62,61","39460,15",Cancelled,Spain,Italy,Green Valley Foods,SME,Maersk Line,Road,Sea,2024-23,,,,,Dati Validi,1
132,2025-03-30,2025-04-09,,"16480,4","75,83","27872,2",Cancelled,Italy,UK,Nordic Textiles AB,Key Account,CMA CGM,Air,Sea,2025-12,,,,,Dati Validi,1
133,2025-04-17,2025-04-22,,"11627,7","39,42","27778,08",In Transit,Italy,Portugal,Mediterraneo Ceramiche,Standard,Lufthansa Cargo,Air,Air,2025-15,,,"2,3889574034417813","704,6697108066971",Dati Validi,0
134,2025-01-15,2025-01-24,2025-02-16,"18617,3","67,05","307515,9",Delayed,Italy,Portugal,Atlantic Furniture Co.,Standard,Emirates SkyCargo,Sea,Air,2025-02,"23,0",,,,Dati Validi,1
135,2025-03-23,2025-03-25,,"9952,3","49,16","4686,59",Cancelled,Sweden,Italy,Delta Manufacturing,Standard,,Road,Road,2025-11,,,"0,47090521788933215","95,33340113913752",Anagrafica Carrier Mancante,1
136,2024-03-24,2024-03-30,2024-04-26,"7045,1","42,73","15069,78",Delivered,Spain,Italy,Far East Trading Co,Standard,DHL Global Forwarding,Sea,Road,2024-12,"27,0","1,0",,,Dati Validi,0
137,2025-04-28,2025-05-01,2025-06-05,"13556,9","47,42","6166,56",Delivered,Netherlands,Italy,Atlantic Furniture Co.,Standard,Maersk Line,Sea,Sea,2025-17,"35,0","1,0","0,45486505026960444","130,0413327709827",Dati Validi,0
138,2025-03-09,2025-03-11,2025-03-17,"6660,3","42,38","9702,78",Delivered,Germany,Netherlands,Atlantic Furniture Co.,Standard,Cosco Shipping,Road,Sea,2025-09,"6,0","1,0",,,Dati Validi,0
139,2024-01-17,2024-01-26,2024-03-04,"15822,0","81,69","6561,69",Delivered,Italy,Portugal,Mediterraneo Ceramiche,Standard,Maersk,Sea,Sea,2024-03,"38,0","1,0","0,4147193780811528","80,32427469702533",Dati Validi,0
140,2025-06-20,2025-06-26,,"11992,6","44,75","19464,67",In Transit,Italy,Germany,Coastal Imports,SME,CMA CGM,Sea,Sea,2025-24,,,"1,623056718309624","434,96469273743014",Dati Validi,0
141,2025-01-17,2025-01-22,2025-01-24,"17358,0","86,05","37746,83",Delivered,Spain,Italy,Mediterraneo Ceramiche,Standard,MSC,Road,Sea,2025-02,"2,0","1,0",,,Dati Validi,0
142,2024-12-26,2025-01-04,,"14159,4","51,57","29324,31",Cancelled,China,Italy,Coastal Imports,SME,DHL Global Forwarding,Sea,Road,2024-52,,,,,Dati Validi,1
143,2025-04-13,2025-04-14,2025-05-13,"1011,5","5,62","883,01",Delivered,Italy,Germany,Mediterraneo Ceramiche,Standard,Maersk Line,Sea,Sea,2025-14,"29,0","1,0","0,8729708353929807","157,11921708185054",Dati Validi,0
144,2024-09-16,2024-09-17,2024-09-22,"7885,6","29,52","19706,03",Delivered,Italy,Portugal,Far East Trading Co,Standard,CMA CGM,Road,Sea,2024-38,"5,0","1,0",,,Dati Validi,0
145,2025-03-26,2025-04-02,2025-04-05,"10941,7","48,71","28880,89",Delivered,Spain,Italy,Atlantic Furniture Co,Standard,DHL Global Forwarding,Air,Road,2025-12,"3,0","1,0",,,Dati Validi,0
146,2024-07-03,2024-07-12,2024-08-10,"2302,0","11,56","2760,22",Delivered,Spain,Italy,Atlantic Furniture Co,Standard,CMA CGM,Sea,Sea,2024-27,"29,0","1,0","1,1990529973935706","238,77335640138406",Dati Validi,0
147,2024-12-25,2025-01-02,2025-01-23,"19147,3","94,38","53673,55",Delayed,Italy,Portugal,Pinnacle Electronics ,Key Account,CMA CGM,Sea,Sea,2024-52,"21,0",,"2,803191572702157","568,6962280144099",Dati Validi,1
148,2025-01-07,2025-01-16,2025-01-20,"3184,0","13,2","7306,25",Delivered,Spain,Italy,Nordic Textiles AB,Key Account,Maersk,Road,Sea,2025-01,"4,0","1,0",,,Dati Validi,0
149,2025-01-05,2025-01-12,,"3418,0","15,72","4615,67",In Transit,Italy,USA,Atlantic Furniture Co,Standard,Lufthansa Cargo,Road,Air,2025-00,,,,,Dati Validi,0
150,2025-02-11,2025-02-17,2025-02-23,"21133,4","137,33","18120,96",Delivered,Italy,USA,Atlantic Furniture Co,Standard,Maersk Line,Road,Sea,2025-06,"6,0","1,0",,,Dati Validi,0
151,2025-04-01,2025-04-05,2025-04-10,"15282,9","50,98","13553,0",Delivered,Netherlands,Italy,Far East Trading Co,Standard,Maersk,Air,Sea,2025-13,"5,0","1,0",,,Dati Validi,0
152,2024-03-30,2024-04-05,2024-05-06,"1475,4","6,38","4094,31",Delayed,Italy,Portugal,Atlantic Furniture Co,Standard,,Sea,Road,2024-13,"31,0",,,,Anagrafica Carrier Mancante,1
153,2024-08-17,2024-08-19,,"3098,3","11,54","1678,67",Cancelled,Germany,Netherlands,Pinnacle Electronics ,Key Account,Maersk Line,Air,Sea,2024-33,,,,,Dati Validi,1
154,2024-03-29,2024-03-31,2024-04-06,"21991,1","85,29","36861,15",Delivered,Sweden,Italy,Green Valley Foods,SME,,Road,Road,2024-13,"6,0","1,0","1,6761849111686093","432,18607105170594",Anagrafica Carrier Mancante,0
155,2024-03-16,2024-03-24,2024-04-27,"11406,1","67,39","27500,44",Delayed,Italy,USA,Coastal Imports,SME,Maersk,Sea,Sea,2024-11,"34,0",,"2,411029186137242","408,07894346342187",Dati Validi,1
156,2025-05-29,2025-05-30,,"3408,7","19,51","4301,4",In Transit,Spain,Italy,Coastal Imports,SME,Maersk Line,Sea,Sea,2025-21,,,"1,26188869657054","220,47155304971807",Dati Validi,0
157,2024-09-13,2024-09-17,2024-09-22,"2797,5","14,32","4926,67",Delivered,Italy,Germany,Green Valley Foods,SME,Cosco Shipping,Air,Sea,2024-37,"5,0","1,0",,,Dati Validi,0
158,2024-02-12,2024-02-13,2024-03-06,"20870,6","78,56","21728,49",Delivered,Italy,USA,Atlantic Furniture Co.,Standard,Maersk Line,Sea,Sea,2024-07,"22,0","1,0","1,0411051910342781","276,58464867617107",Dati Validi,0
159,2025-05-24,2025-06-02,2025-06-08,"21048,5","94,62","49359,1",Delayed,China,Italy,Coastal Imports,SME,CMA CGM,Road,Sea,2025-20,"6,0",,,,Dati Validi,1
160,2024-06-10,2024-06-18,2024-07-21,"10244,5","50,96","7981,67",Delivered,China,Italy,Delta Manufacturing,Standard,,Sea,Road,2024-24,"33,0","1,0",,,Anagrafica Carrier Mancante,0
161,2025-01-14,2025-01-23,2025-01-28,"7054,6","32,07","7487,19",Delivered,Sweden,Italy,Green Valley Foods,SME,DHL Global Forwarding,Air,Road,2025-02,"5,0","1,0",,,Dati Validi,0
162,2025-03-04,2025-03-08,,"7237,2","30,58","8643,61",Cancelled,Spain,Italy,Atlantic Furniture Co,Standard,MSC,Air,Sea,2025-09,,,,,Dati Validi,1
163,2024-11-11,2024-11-19,2024-11-20,"20797,9","92,1","56696,59",Delivered,Italy,Portugal,Mediterraneo Ceramiche,Standard,Cosco Shipping,Air,Sea,2024-46,"1,0","1,0",,,Dati Validi,0
164,2025-05-21,2025-05-31,2025-07-10,"10379,4","45,03","25456,12",Delayed,Netherlands,Italy,Green Valley Foods,SME,MSC,Sea,Sea,2025-20,"40,0",,"2,4525618051139757","565,3146791028203",Dati Validi,1
165,2024-02-16,2024-02-23,,"12381,9","60,58","13714,23",In Transit,Italy,USA,Delta Manufacturing,Standard,DHL Global Forwarding,Air,Road,2024-07,,,,,Dati Validi,0
166,2024-05-11,2024-05-13,2024-05-17,"17498,0","87,11","46744,77",Delivered,Italy,Germany,Mediterraneo Ceramiche,Standard,Cosco Shipping,Air,Sea,2024-19,"4,0","1,0",,,Dati Validi,0
167,2024-02-11,2024-02-12,2024-02-13,"15713,3","58,07","25972,48",Delivered,Germany,Netherlands,Sunrise Apparel Ltd,Key Account,Cosco Shipping,Air,Sea,2024-06,"1,0","1,0",,,Dati Validi,0
168,2024-06-15,2024-06-22,2024-06-27,"18545,1","77,58","30226,14",Delayed,Italy,USA,Far East Trading Co,Standard,Maersk Line,Air,Sea,2024-24,"5,0",,,,Dati Validi,1
169,2025-01-12,2025-01-18,2025-01-19,"12862,3","47,72","27826,15",Delivered,China,Italy,Mediterraneo Ceramiche,Standard,Emirates SkyCargo,Air,Air,2025-01,"1,0","1,0","2,1633883520054735","583,1129505448449",Dati Validi,0
170,2024-02-22,2024-03-03,2024-03-07,"11556,9","44,76","26290,74",Delivered,Italy,UK,Nordic Textiles AB,Key Account,,Air,Road,2024-08,"4,0","1,0",,,Anagrafica Carrier Mancante,0
171,2024-07-14,2024-07-15,2024-08-18,"9242,2","43,61","8445,1",Delivered,Italy,Germany,Riverstone Logistics Partners,SME,Lufthansa Cargo,Sea,Air,2024-28,"34,0","1,0",,,Dati Validi,0
172,2024-05-21,2024-05-30,,"7184,8","28,82","12094,81",In Transit,China,Italy,Coastal Imports,SME,,Road,Road,2024-21,,,"1,6833885424785657","419,6672449687717",Anagrafica Carrier Mancante,0
173,2024-12-28,2025-01-02,2025-01-11,"21063,6","109,79","23894,88",Delivered,Italy,USA,Atlantic Furniture Co.,Standard,,Road,Road,2024-52,"9,0","1,0","1,134415769384151","217,64167957008834",Anagrafica Carrier Mancante,0
174,2025-05-15,2025-05-21,2025-05-30,"12352,7","42,57","26486,61",Delivered,Italy,UK,Delta Manufacturing,Standard,Emirates SkyCargo,Road,Air,2025-19,"9,0","1,0",,,Dati Validi,0
175,2024-12-19,2024-12-22,2024-12-25,"6363,5","24,75","8040,03",Delivered,Spain,Italy,Coastal Imports,SME,Cosco Shipping,Air,Sea,2024-51,"3,0","1,0",,,Dati Validi,0
176,2024-10-04,2024-10-13,2024-11-10,"2447,5","9,37","2452,31",Delivered,Italy,UK,Delta Manufacturing,Standard,,Sea,Road,2024-40,"28,0","1,0",,,Anagrafica Carrier Mancante,0
177,2024-02-23,2024-02-25,2024-03-04,"15796,0","95,69","35590,26",Delivered,Italy,UK,Far East Trading Co,Standard,Lufthansa Cargo,Road,Air,2024-08,"8,0","1,0",,,Dati Validi,0
178,2025-05-03,2025-05-07,2025-05-10,"6314,9","39,75","14454,88",Delivered,Italy,Portugal,Far East Trading Co,Standard,Maersk Line,Air,Sea,2025-17,"3,0","1,0",,,Dati Validi,0
179,2024-06-28,2024-07-05,2024-07-09,"21937,9","104,69","35235,41",Delivered,China,Italy,Sunrise Apparel Ltd,Key Account,Cosco Shipping,Road,Sea,2024-26,"4,0","1,0",,,Dati Validi,0
180,2024-04-19,2024-04-25,2024-05-24,"21760,7","94,0","34877,69",Delivered,Netherlands,Italy,Delta Manufacturing,Standard,MSC,Sea,Sea,2024-16,"29,0","1,0","1,6027834582527216","371,03925531914894",Dati Validi,0
181,2024-04-25,2024-05-01,2024-05-03,"10123,2","53,68","8880,93",Delayed,Italy,UK,Far East Trading Co,Standard,,Air,Road,2024-17,"2,0",,,,Anagrafica Carrier Mancante,1
182,2025-03-13,2025-03-22,2025-04-21,"-8848,3","53,85","24603,42",Delivered,Spain,Italy,Delta Manufacturing,Standard,Lufthansa Cargo,Sea,Air,2025-10,"30,0","1,0",,,Valori Negativi o Zero,0
183,2024-08-29,2024-09-06,2024-09-09,"6677,7","25,84","3133,14",Delivered,Spain,Italy,Sunrise Apparel Ltd,Key Account,MSC,Air,Sea,2024-35,"3,0","1,0",,,Dati Validi,0
184,2025-04-21,2025-04-26,2025-05-21,"15109,3","52,38","38556,9",Delivered,Italy,Germany,Pinnacle Electronics ,Key Account,Lufthansa Cargo,Sea,Air,2025-16,"25,0","1,0",,,Dati Validi,0
185,2025-01-11,2025-01-21,2025-01-26,"21064,1","95,0","31822,65",Delivered,Netherlands,Italy,Pinnacle Electronics ,Key Account,Maersk,Road,Sea,2025-01,"5,0","1,0",,,Dati Validi,0
186,2025-04-27,2025-05-06,,"5481,9","20,83","13758,87",Cancelled,Germany,Netherlands,Green Valley Foods,SME,CMA CGM,Road,Sea,2025-16,,,,,Dati Validi,1
187,2024-03-20,2024-03-30,2024-04-02,"18241,6","63,91","16384,86",Delivered,Italy,USA,Mediterraneo Ceramiche,Standard,Cosco Shipping,Road,Sea,2024-12,"3,0","1,0",,,Dati Validi,0
188,2024-04-29,2024-05-03,2024-05-12,"19780,6","91,23","10649,64",Delivered,Italy,Portugal,Atlantic Furniture Co.,Standard,DHL Global Forwarding,Road,Road,2024-18,"9,0","1,0","0,5383881176506274","116,7339690891154",Dati Validi,0
189,2025-04-18,2025-04-23,2025-04-25,"5635,3","37,46","5276,73",Delivered,China,Italy,Pinnacle Electronics,Key Account,,Road,Road,2025-15,"2,0","1,0","0,9363707344773126","140,86305392418578",Anagrafica Carrier Mancante,0
190,2024-03-02,2024-03-04,2024-03-13,"6351,6","35,89","4879,63",Delivered,Italy,Germany,Pinnacle Electronics,Key Account,DHL Global Forwarding,Road,Road,2024-09,"9,0","1,0","0,7682520939605768","135,9607132906102",Dati Validi,0
191,2025-04-04,2025-04-11,2025-04-15,"15035,9","60,32","25754,37",Delivered,Spain,Italy,Pinnacle Electronics ,Key Account,CMA CGM,Air,Sea,2025-13,"4,0","1,0",,,Dati Validi,0
192,2025-02-06,2025-02-15,2025-03-11,"21533,0","78,24","48084,42",Delayed,Germany,Netherlands,Green Valley Foods,SME,Maersk,Sea,Sea,2025-05,"24,0",,"2,2330571680676172","614,5759202453988",Dati Validi,1
193,2025-01-23,2025-01-27,2025-01-29,"7648,2","39,97","20569,84",Delivered,Germany,Netherlands,Mediterraneo Ceramiche,Standard,Cosco Shipping,Air,Sea,2025-03,"2,0","1,0",,,Dati Validi,0
194,2024-01-17,2024-01-21,2024-01-26,"2264,7","14,61","4451,16",Delivered,Spain,Italy,Atlantic Furniture Co,Standard,MSC,Road,Sea,2024-03,"5,0","1,0",,,Dati Validi,0
195,2025-02-15,2025-02-23,,"4819,1","17,24","2806,83",In Transit,China,Italy,Nordic Textiles AB,Key Account,Lufthansa Cargo,Road,Air,2025-06,,,,,Dati Validi,0
196,2024-11-24,2024-11-28,2024-12-04,"21686,0","95,04","30345,02",Delivered,Italy,USA,Delta Manufacturing,Standard,Lufthansa Cargo,Road,Air,2024-47,"6,0","1,0",,,Dati Validi,0
197,2025-05-22,2025-05-23,2025-05-30,"14786,0","55,2","17420,85",Delayed,Spain,Italy,Far East Trading Co,Standard,Maersk Line,Road,Sea,2025-20,"7,0",,,,Dati Validi,1
198,2025-04-29,2025-05-03,2025-05-05,"18873,0","109,95","28592,19",Delivered,Sweden,Italy,Atlantic Furniture Co.,Standard,Emirates SkyCargo,Air,Air,2025-17,"2,0","1,0","1,514978540772532","260,0472032742155",Dati Validi,0
199,2024-05-17,2024-05-24,2024-05-29,"4513,2","18,27","12141,03",Delivered,Germany,Netherlands,Pinnacle Electronics,Key Account,CMA CGM,Road,Sea,2024-20,"5,0","1,0",,,Dati Validi,0
200,2024-02-22,2024-02-27,2024-03-06,"13329,1","85,48","7991,63",Delayed,Italy,UK,Atlantic Furniture Co,Standard,Cosco Shipping,Road,Sea,2024-08,"8,0",,,,Dati Validi,1
201,2024-08-01,2024-08-07,2024-09-05,"4699,2","26,33","158302,5",Delivered,Italy,Portugal,Coastal Imports,SME,Cosco Shipping,Sea,Sea,2024-31,"29,0","1,0","33,68711695607763","6012,24838587163",Dati Validi,0
202,2025-02-10,2025-02-14,2025-02-24,"17072,5","82,44","28870,52",Delivered,Italy,UK,Mediterraneo Ceramiche,Standard,Lufthansa Cargo,Road,Air,2025-06,"10,0","1,0",,,Dati Validi,0
203,2025-04-22,2025-04-24,,"18482,1","64,36","24031,09",Cancelled,Italy,Portugal,Delta Manufacturing,Standard,DHL Global Forwarding,Road,Road,2025-16,,,"1,3002359039286662","373,38548788067123",Dati Validi,1
204,2024-01-17,2024-01-22,,"12762,2","60,02","9938,58",In Transit,Sweden,Italy,Coastal Imports,SME,Lufthansa Cargo,Road,Air,2024-03,,,,,Dati Validi,0
205,2024-12-11,2024-12-16,2024-12-20,"14135,2","63,22","11689,56",Delayed,Germany,Netherlands,Pinnacle Electronics,Key Account,Lufthansa Cargo,Air,Air,2024-50,"4,0",,"0,8269822853585375","184,90287883581144",Dati Validi,1
206,2025-05-15,2025-05-18,2025-05-28,"21061,3","92,14","50913,03",Delayed,Germany,Netherlands,Atlantic Furniture Co.,Standard,Maersk Line,Road,Sea,2025-19,"10,0",,,,Dati Validi,1
207,2024-05-20,2024-05-24,2024-06-15,"3365,1","18,41","5100,04",Delayed,Spain,Italy,Riverstone Logistics Partners,SME,MSC,Sea,Sea,2024-21,"22,0",,"1,5155686309470744","277,02552960347634",Dati Validi,1
208,2024-01-17,2024-01-18,,"9078,9","59,53","19605,19",In Transit,Italy,Portugal,Riverstone Logistics Partners,SME,,Road,Road,2024-03,,,"2,159423498441441","329,33294137409706",Anagrafica Carrier Mancante,0
209,2024-07-02,2024-07-04,,"3318,3","18,56","5855,3",In Transit,Spain,Italy,Delta Manufacturing,Standard,MSC,Road,Sea,2024-27,,,,,Dati Validi,0
210,2025-02-19,2025-02-27,2025-04-06,"21785,6","118,48","44826,41",Delivered,Italy,USA,Delta Manufacturing,Standard,CMA CGM,Sea,Sea,2025-07,"38,0","1,0","2,057616498971798","378,3457967589467",Dati Validi,0
211,2025-01-23,2025-01-30,2025-03-08,"1281,7","8,46","1264,82",Delivered,Spain,Italy,Riverstone Logistics Partners,SME,MSC,Sea,Sea,2025-03,"37,0","1,0","0,9868299914176484","149,5059101654846",Dati Validi,0
212,2025-06-24,2025-06-25,2025-06-30,"19832,9","78,13","35056,38",Delivered,Italy,Germany,Pinnacle Electronics,Key Account,DHL Global Forwarding,Road,Road,2025-25,"5,0","1,0","1,767587190980643","448,6929476513503",Dati Validi,0
213,2024-07-02,2024-07-08,2024-07-10,"12935,4","49,21","27489,66",Delivered,China,Italy,Atlantic Furniture Co,Standard,Emirates SkyCargo,Road,Air,2024-27,"2,0","1,0",,,Dati Validi,0
214,2025-02-02,2025-02-11,2025-03-13,"16635,6","97,29","46423,11",Delivered,Italy,UK,Atlantic Furniture Co,Standard,Emirates SkyCargo,Sea,Air,2025-04,"30,0","1,0",,,Dati Validi,0
215,2025-03-23,2025-03-27,2025-04-18,"13333,5","55,08","24782,24",Delivered,Italy,Germany,Far East Trading Co,Standard,DHL Global Forwarding,Sea,Road,2025-11,"22,0","1,0",,,Dati Validi,0
216,2025-04-06,2025-04-14,2025-04-19,"12189,2","59,08","10564,33",Delivered,Netherlands,Italy,Green Valley Foods,SME,MSC,Road,Sea,2025-13,"5,0","1,0",,,Dati Validi,0
217,2024-09-09,2024-09-11,2024-09-14,"3435,2","13,38","6909,14",Delivered,Netherlands,Italy,Pinnacle Electronics,Key Account,Maersk,Road,Sea,2024-37,"3,0","1,0",,,Dati Validi,0
218,2024-01-06,2024-01-11,2024-02-14,"16761,6","101,38","10417,26",Delivered,Italy,Germany,Green Valley Foods,SME,DHL Global Forwarding,Sea,Road,2024-01,"34,0","1,0",,,Dati Validi,0
219,2024-04-15,2024-04-16,2024-04-19,"12215,1","50,99","28235,14",Delivered,Spain,Italy,Far East Trading Co,Standard,Cosco Shipping,Road,Sea,2024-16,"3,0","1,0",,,Dati Validi,0
220,2024-03-27,2024-04-05,,"11488,2","45,44","9412,85",In Transit,Spain,Italy,Nordic Textiles AB,Key Account,Emirates SkyCargo,Air,Air,2024-13,,,"0,8193494194042583","207,14898767605635",Dati Validi,0
221,2024-06-20,2024-06-27,2024-07-25,"6629,6","24,79","8778,19",Delivered,Italy,Germany,Delta Manufacturing,Standard,,Sea,Road,2024-25,"28,0","1,0",,,Anagrafica Carrier Mancante,0
222,2025-04-13,2025-04-15,2025-04-19,"198,5","0,95","663,31",Delivered,Italy,UK,Pinnacle Electronics ,Key Account,,Road,Road,2025-14,"4,0","1,0","3,3416120906801003","698,2210526315789",Anagrafica Carrier Mancante,0
223,2024-05-19,2024-05-24,,"20842,8","115,71","24441,02",In Transit,Spain,Italy,Green Valley Foods,SME,,Air,Road,2024-20,,,,,Anagrafica Carrier Mancante,0
224,2024-09-05,2024-09-11,2024-09-19,"17972,1","86,02","12348,52",Delivered,Italy,Portugal,Green Valley Foods,SME,Emirates SkyCargo,Road,Air,2024-36,"8,0","1,0",,,Dati Validi,0
225,2024-01-28,2024-02-05,2024-03-02,"17559,2","63,92","10284,9",Delivered,Germany,Netherlands,Coastal Imports,SME,Cosco Shipping,Sea,Sea,2024-04,"26,0","1,0","0,585727140188619","160,90269086357947",Dati Validi,0
226,2024-09-04,2024-09-09,2024-10-03,"9337,7","45,21","14058,16",Delayed,Netherlands,Italy,Pinnacle Electronics,Key Account,,Sea,Road,2024-36,"24,0",,,,Anagrafica Carrier Mancante,1
227,2025-03-04,2025-03-13,,"21307,0","83,48","50318,9",Cancelled,Germany,Netherlands,Coastal Imports,SME,CMA CGM,Road,Sea,2025-09,,,,,Dati Validi,1
228,2024-06-19,2024-06-29,,"21640,2","86,0","29724,26",In Transit,Italy,USA,Atlantic Furniture Co,Standard,Maersk,Sea,Sea,2024-25,,,"1,3735667877376363","345,6309302325581",Dati Validi,0
229,2024-09-21,2024-09-25,2024-10-31,"11437,6","48,24","20571,41",Delayed,Italy,Germany,Pinnacle Electronics,Key Account,Maersk,Sea,Sea,2024-38,"36,0",,"1,7985774987759668","426,43884742951906",Dati Validi,1
230,2024-06-03,2024-06-09,2024-06-11,"2344,9","11,04","6440,96",Delivered,Germany,Netherlands,Pinnacle Electronics,Key Account,,Road,Road,2024-23,"2,0","1,0","2,7467951725020257","583,4202898550725",Anagrafica Carrier Mancante,0
231,2024-12-17,2024-12-25,,"10650,2","48,1","15753,68",In Transit,Netherlands,Italy,Pinnacle Electronics ,Key Account,Maersk Line,Air,Sea,2024-51,,,,,Dati Validi,0
232,2024-04-27,2024-04-28,2024-05-01,"2450,5","9,08","6758,43",Delayed,China,Italy,Green Valley Foods,SME,Maersk,Air,Sea,2024-17,"3,0",,,,Dati Validi,1
233,2024-12-04,2024-12-13,2024-12-21,"5139,2","24,38","4604,89",Delivered,Sweden,Italy,Far East Trading Co,Standard,Maersk Line,Road,Sea,2024-49,"8,0","1,0",,,Dati Validi,0
234,2025-04-05,2025-04-15,2025-05-18,"147,7","0,81","454,06",Delivered,Italy,UK,Pinnacle Electronics,Key Account,CMA CGM,Sea,Sea,2025-13,"33,0","1,0","3,074204468517265","560,5679012345679",Dati Validi,0
235,2025-01-09,2025-01-15,2025-01-20,"2551,3","10,18","4405,76",Delivered,Sweden,Italy,Atlantic Furniture Co,Standard,Maersk,Road,Sea,2025-01,"5,0","1,0",,,Dati Validi,0
236,2024-04-26,2024-05-02,,"10100,0","57,43","20698,01",Cancelled,Spain,Italy,Green Valley Foods,SME,CMA CGM,Road,Sea,2024-17,,,,,Dati Validi,1
237,2024-11-16,2024-11-18,2024-11-23,"2617,0","12,7","2120,61",Delivered,Sweden,Italy,Coastal Imports,SME,Maersk,Road,Sea,2024-46,"5,0","1,0",,,Dati Validi,0
238,2025-03-09,2025-03-12,2025-03-21,"11845,5","41,15","31307,74",Delayed,Spain,Italy,Coastal Imports,SME,Maersk Line,Road,Sea,2025-09,"9,0",,,,Dati Validi,1
239,2024-07-10,2024-07-16,,"1226,8","6,02","616,72",In Transit,Sweden,Italy,Atlantic Furniture Co.,Standard,,Air,Road,2024-28,,,,,Anagrafica Carrier Mancante,0
240,2025-02-22,2025-03-02,2025-03-10,"18485,6","82,78","11122,76",Delayed,Italy,Portugal,Pinnacle Electronics,Key Account,Cosco Shipping,Road,Sea,2025-07,"8,0",,,,Dati Validi,1
241,2024-08-18,2024-08-27,2024-09-25,"17187,2","73,18","38965,27",Delivered,Netherlands,Italy,Sunrise Apparel Ltd,Key Account,Emirates SkyCargo,Sea,Air,2024-33,"29,0","1,0",,,Dati Validi,0
242,2024-10-01,2024-10-10,,"18106,3","115,89","38727,12",In Transit,Italy,Germany,Far East Trading Co,Standard,Maersk,Road,Sea,2024-40,,,,,Dati Validi,0
243,2024-10-31,2024-11-01,2024-11-10,"7701,3","28,26","11593,79",Delivered,Italy,UK,Pinnacle Electronics,Key Account,Maersk,Road,Sea,2024-44,"9,0","1,0",,,Dati Validi,0
244,2025-03-14,2025-03-17,,"4585,3","25,33","2660,12",Cancelled,Italy,USA,Sunrise Apparel Ltd,Key Account,Lufthansa Cargo,Road,Air,2025-10,,,,,Dati Validi,1
245,2024-10-26,2024-10-31,2024-12-08,"20955,1","92,25","53988,18",Delivered,Italy,USA,Delta Manufacturing,Standard,Cosco Shipping,Sea,Sea,2024-43,"38,0","1,0","2,5763742477964793","585,2377235772358",Dati Validi,0
246,2024-05-09,2024-05-12,2024-06-08,"15665,1","57,12","35181,27",Delivered,Netherlands,Italy,Atlantic Furniture Co.,Standard,CMA CGM,Sea,Sea,2024-19,"27,0","1,0","2,245837562479652","615,9185924369748",Dati Validi,0
247,2025-02-28,2025-03-07,2025-03-16,"13958,1","49,49","8932,33",Delivered,Netherlands,Italy,Mediterraneo Ceramiche,Standard,Maersk Line,Road,Sea,2025-08,"9,0","1,0",,,Dati Validi,0
248,2024-12-01,2024-12-11,,"17042,3","65,57","36923,6",Cancelled,Italy,Portugal,Delta Manufacturing,Standard,DHL Global Forwarding,Air,Road,2024-48,,,,,Dati Validi,1
249,2025-02-11,2025-02-15,,"4700,1","24,7","11392,17",Cancelled,Germany,Netherlands,Riverstone Logistics Partners,SME,DHL Global Forwarding,Sea,Road,2025-06,,,,,Dati Validi,1
250,2024-12-17,2024-12-18,2024-12-20,"13794,6","50,07","6432,17",Delivered,Italy,Portugal,Coastal Imports,SME,Maersk Line,Road,Sea,2024-51,"2,0","1,0",,,Dati Validi,0
251,2025-03-14,2025-03-18,2025-03-20,"6675,9","23,74","16797,97",Delayed,China,Italy,Atlantic Furniture Co.,Standard,,Air,Road,2025-10,"2,0",,,,Anagrafica Carrier Mancante,1
252,2024-06-18,2024-06-19,2024-07-21,"6755,9","26,5","6778,23",Delayed,Italy,USA,Green Valley Foods,SME,Emirates SkyCargo,Sea,Air,2024-25,"32,0",,,,Dati Validi,1
253,2025-05-03,2025-05-05,,"5014,9","19,9","2411,19",In Transit,Italy,UK,Pinnacle Electronics ,Key Account,Maersk,Sea,Sea,2025-17,,,"0,4808052005025026","121,16532663316585",Dati Validi,0
254,2025-05-04,2025-05-06,2025-05-11,"2010,8","7,42","1481,01",Delivered,Sweden,Italy,Atlantic Furniture Co,Standard,CMA CGM,Road,Sea,2025-17,"5,0","1,0",,,Dati Validi,0
255,2024-05-26,2024-05-28,,"236,0","0,95","646,52",In Transit,Sweden,Italy,Delta Manufacturing,Standard,Maersk Line,Air,Sea,2024-21,,,,,Dati Validi,0
256,2024-08-10,2024-08-12,2024-08-13,"16566,2","69,48","22282,3",Delivered,Italy,Portugal,Riverstone Logistics Partners,SME,Maersk Line,Air,Sea,2024-32,"1,0","1,0",,,Dati Validi,0
257,2024-03-27,2024-03-31,,"13220,2","54,82","30295,27",In Transit,Netherlands,Italy,Green Valley Foods,SME,Maersk Line,Sea,Sea,2024-13,,,"2,291589385939698","552,6317037577527",Dati Validi,0
258,2025-06-05,2025-06-09,2025-07-11,"14233,4","53,2","32942,71",Delivered,Germany,Netherlands,Riverstone Logistics Partners,SME,Emirates SkyCargo,Sea,Air,2025-22,"32,0","1,0",,,Dati Validi,0
259,2024-03-13,2024-03-22,2024-04-11,"20549,6","121,02","50923,29",Delivered,Italy,Portugal,Pinnacle Electronics,Key Account,Maersk,Sea,Sea,2024-11,"20,0","1,0","2,4780672129871144","420,78408527516115",Dati Validi,0
260,2025-04-27,2025-04-29,,"1532,3","8,09","830,55",In Transit,Sweden,Italy,Green Valley Foods,SME,Cosco Shipping,Road,Sea,2025-16,,,,,Dati Validi,0
261,2025-03-01,2025-03-08,2025-03-12,"14109,8","61,17","10893,48",Delivered,Germany,Netherlands,Pinnacle Electronics,Key Account,Cosco Shipping,Air,Sea,2025-08,"4,0","1,0",,,Dati Validi,0
262,2024-11-30,2024-12-07,2025-01-14,"16802,8","67,9","32815,99",Delayed,Sweden,Italy,Atlantic Furniture Co,Standard,Cosco Shipping,Sea,Sea,2024-48,"38,0",,"1,9530072368890898","483,29882179675985",Dati Validi,1
263,2024-03-29,2024-04-05,2024-04-28,"13489,9","85,24","27241,11",Delivered,Italy,UK,Pinnacle Electronics,Key Account,Lufthansa Cargo,Sea,Air,2024-13,"23,0","1,0",,,Dati Validi,0
264,2024-01-12,2024-01-15,2024-02-19,"11530,0","43,11","24665,46",Delivered,Sweden,Italy,Atlantic Furniture Co.,Standard,Maersk,Sea,Sea,2024-02,"35,0","1,0","2,13924197745013","572,151704940849",Dati Validi,0
265,2024-01-31,2024-02-06,2024-02-14,"11548,6","60,96","31914,2",Delivered,Italy,Germany,Atlantic Furniture Co.,Standard,Emirates SkyCargo,Road,Air,2024-05,"8,0","1,0",,,Dati Validi,0
266,2024-02-26,2024-03-05,2024-03-09,"3503,0","13,17","9205,44",Delivered,Italy,USA,Mediterraneo Ceramiche,Standard,,Road,Road,2024-09,"4,0","1,0","2,6278732514987153","698,9703872437358",Anagrafica Carrier Mancante,0
267,2024-01-03,2024-01-04,2024-01-06,"1059,3","5,18","2875,87",Delivered,Germany,Netherlands,Atlantic Furniture Co,Standard,Lufthansa Cargo,Road,Air,2024-01,"2,0","1,0",,,Dati Validi,0
268,2024-08-17,2024-08-23,2024-08-28,"20153,0","101,79","723936,0",Delivered,Spain,Italy,Nordic Textiles AB,Key Account,Cosco Shipping,Road,Sea,2024-33,"5,0","1,0",,,Dati Validi,0
269,2024-07-02,2024-07-06,2024-07-16,"20992,0","130,92","31977,42",Delivered,China,Italy,Atlantic Furniture Co,Standard,Cosco Shipping,Road,Sea,2024-27,"10,0","1,0",,,Dati Validi,0
270,2025-04-12,2025-04-13,2025-05-14,"6450,5","24,1","14164,63",Delivered,Germany,Netherlands,Delta Manufacturing,Standard,DHL Global Forwarding,Sea,Road,2025-14,"31,0","1,0",,,Dati Validi,0
271,2024-09-08,2024-09-11,2024-10-01,"574,8","2,49","1399,93",Delivered,Germany,Netherlands,Green Valley Foods,SME,,Sea,Road,2024-36,"20,0","1,0",,,Anagrafica Carrier Mancante,0
272,2024-11-10,2024-11-12,,"21629,4","101,56","58937,81",In Transit,Spain,Italy,Nordic Textiles AB,Key Account,DHL Global Forwarding,Sea,Road,2024-45,,,,,Dati Validi,0
273,2024-08-25,2024-09-03,2024-10-06,"-19707,9","90,09","43511,29",Delayed,China,Italy,Atlantic Furniture Co.,Standard,Emirates SkyCargo,Sea,Air,2024-34,"33,0",,,,Valori Negativi o Zero,1
274,2024-03-17,2024-03-27,2024-03-29,"14590,6","86,03","16397,81",Delivered,Spain,Italy,Far East Trading Co,Standard,Maersk Line,Road,Sea,2024-11,"2,0","1,0",,,Dati Validi,0
275,2024-10-05,2024-10-09,2024-10-10,"3037,7","11,44","2096,52",Delivered,Italy,Portugal,Pinnacle Electronics,Key Account,DHL Global Forwarding,Air,Road,2024-40,"1,0","1,0",,,Dati Validi,0
276,2024-05-03,2024-05-12,,"4607,6","23,48","4865,53",Cancelled,Spain,Italy,Mediterraneo Ceramiche,Standard,,Air,Road,2024-18,,,,,Anagrafica Carrier Mancante,1
277,2024-08-08,2024-08-14,2024-08-18,"15659,9","53,04","21223,45",Delivered,China,Italy,Atlantic Furniture Co.,Standard,Emirates SkyCargo,Road,Air,2024-32,"4,0","1,0",,,Dati Validi,0
278,2025-02-18,2025-02-26,2025-04-04,"12125,2","73,84","8143,47",Delayed,China,Italy,Delta Manufacturing,Standard,Emirates SkyCargo,Sea,Air,2025-07,"37,0",,,,Dati Validi,1
279,2024-05-13,2024-05-17,2024-06-18,"15114,0","52,0","9349,15",Delivered,Italy,UK,Atlantic Furniture Co,Standard,MSC,Sea,Sea,2024-20,"32,0","1,0","0,6185754929204711","179,79134615384615",Dati Validi,0
280,2025-03-30,2025-04-02,,"18254,4","91,39","9383,66",Cancelled,Italy,UK,Atlantic Furniture Co,Standard,MSC,Sea,Sea,2025-12,,,"0,5140492155315978","102,67709815078236",Dati Validi,1
281,2025-05-23,2025-05-24,2025-06-01,"9415,3","46,36","24437,06",Delayed,Spain,Italy,Atlantic Furniture Co.,Standard,CMA CGM,Road,Sea,2025-20,"8,0",,,,Dati Validi,1
282,2024-10-29,2024-11-06,,"10564,7","64,75","14134,07",In Transit,Italy,UK,Mediterraneo Ceramiche,Standard,Maersk Line,Sea,Sea,2024-44,,,"1,3378581502550946","218,28679536679536",Dati Validi,0
283,2024-01-20,2024-01-27,2024-02-27,"12002,2","53,89","31316,63",Delivered,Germany,Netherlands,Riverstone Logistics Partners,SME,Cosco Shipping,Sea,Sea,2024-03,"31,0","1,0","2,6092408058522603","581,1213583225089",Dati Validi,0
284,2024-11-22,2024-12-02,2024-12-29,"19712,0","73,89","11053,72",Delivered,China,Italy,Pinnacle Electronics,Key Account,Emirates SkyCargo,Sea,Air,2024-47,"27,0","1,0",,,Dati Validi,0
285,2024-06-12,2024-06-14,2024-06-19,"5343,3","23,23","12592,05",Delayed,Italy,UK,Far East Trading Co,Standard,DHL Global Forwarding,Road,Road,2024-24,"5,0",,"2,356605468530683","542,0598364184244",Dati Validi,1
286,2024-06-29,2024-07-03,2024-07-08,"17746,3","69,69","46085,82",Delivered,Sweden,Italy,Sunrise Apparel Ltd,Key Account,CMA CGM,Air,Sea,2024-26,"5,0","1,0",,,Dati Validi,0
287,2024-07-11,2024-07-19,2024-07-29,"3903,5","25,07","2348,19",Delivered,Sweden,Italy,Pinnacle Electronics ,Key Account,DHL Global Forwarding,Road,Road,2024-28,"10,0","1,0","0,6015601383373895","93,66533705624252",Dati Validi,0
288,2024-12-05,2024-12-15,,"2914,2","11,32","7937,21",Cancelled,China,Italy,Nordic Textiles AB,Key Account,Cosco Shipping,Air,Sea,2024-49,,,,,Dati Validi,1
289,2024-05-25,2024-05-27,,"8059,3","50,1","17132,87",Cancelled,Sweden,Italy,Green Valley Foods,SME,MSC,Sea,Sea,2024-21,,,"2,1258508803494096","341,97345309381234",Dati Validi,1
290,2024-11-26,2024-11-29,2024-12-01,"20873,8","77,66","56753,14",Delayed,Netherlands,Italy,Coastal Imports,SME,Maersk,Air,Sea,2024-48,"2,0",,,,Dati Validi,1
291,2024-08-16,2024-08-26,2024-08-30,"6784,8","26,79","5092,69",Delivered,Italy,USA,Atlantic Furniture Co.,Standard,Cosco Shipping,Road,Sea,2024-33,"4,0","1,0",,,Dati Validi,0
292,2024-07-05,2024-07-15,,"21287,3","116,24","37786,45",Cancelled,China,Italy,Pinnacle Electronics ,Key Account,CMA CGM,Road,Sea,2024-27,,,,,Dati Validi,1
293,2024-08-31,2024-09-06,2024-09-13,"14014,3","47,59","33526,26",Delivered,Italy,Germany,Atlantic Furniture Co.,Standard,DHL Global Forwarding,Road,Road,2024-35,"7,0","1,0","2,392289304496122","704,4811935280521",Dati Validi,0
294,2024-09-28,2024-10-02,2024-10-04,"1538,1","8,16","1064,49",Delayed,China,Italy,Pinnacle Electronics ,Key Account,DHL Global Forwarding,Air,Road,2024-39,"2,0",,,,Dati Validi,1
295,2024-06-19,2024-06-26,2024-07-05,"7759,5","37,61","18864,56",Delivered,Spain,Italy,Pinnacle Electronics,Key Account,,Road,Road,2024-25,"9,0","1,0","2,431156646691153","501,5836213772933",Anagrafica Carrier Mancante,0
296,2024-03-16,2024-03-17,2024-04-15,"7045,8","24,07","4182,58",Delivered,Italy,Portugal,Coastal Imports,SME,Lufthansa Cargo,Sea,Air,2024-11,"29,0","1,0",,,Dati Validi,0
297,2024-04-05,2024-04-11,2024-04-20,"730,3","2,51","942,73",Delayed,Italy,Germany,Pinnacle Electronics,Key Account,Maersk Line,Road,Sea,2024-14,"9,0",,,,Dati Validi,1
298,2024-07-29,2024-08-02,2024-09-04,"12212,8","42,28","20997,79",Delayed,Italy,USA,Atlantic Furniture Co.,Standard,MSC,Sea,Sea,2024-31,"33,0",,"1,719326444386218","496,6364711447493",Dati Validi,1
299,2025-02-06,2025-02-16,,"10826,3","68,44","4510,33",Cancelled,China,Italy,Delta Manufacturing,Standard,Lufthansa Cargo,Sea,Air,2025-05,,,,,Dati Validi,1
300,2024-01-27,2024-01-31,2024-02-25,"6455,3","39,78","15812,32",Delayed,Italy,Germany,Riverstone Logistics Partners,SME,,Sea,Road,2024-04,"25,0",,,,Anagrafica Carrier Mancante,1
301,2024-04-03,2024-04-12,2024-04-16,"8193,9","39,54","7012,4",Delivered,Netherlands,Italy,Pinnacle Electronics,Key Account,,Air,Road,2024-14,"4,0","1,0",,,Anagrafica Carrier Mancante,0
302,2024-10-02,2024-10-12,2024-10-13,"16561,6","66,21","10201,65",Delivered,Italy,UK,Mediterraneo Ceramiche,Standard,,Air,Road,2024-40,"1,0","1,0",,,Anagrafica Carrier Mancante,0
303,2024-03-03,2024-03-10,2024-03-20,"21245,5","83,95","56492,97",Delivered,Italy,UK,Far East Trading Co,Standard,CMA CGM,Road,Sea,2024-09,"10,0","1,0",,,Dati Validi,0
304,2025-02-08,2025-02-09,,"19815,0","73,37","40413,94",In Transit,Italy,Germany,Sunrise Apparel Ltd,Key Account,,Air,Road,2025-05,,,,,Anagrafica Carrier Mancante,0
305,2024-08-04,2024-08-08,2024-09-01,"9343,1","31,33","13899,3",Delivered,Sweden,Italy,Atlantic Furniture Co,Standard,,Sea,Road,2024-31,"24,0","1,0",,,Anagrafica Carrier Mancante,0
306,2024-11-23,2024-11-25,2024-11-28,"12262,2","52,67","30346,6",Delivered,Netherlands,Italy,Riverstone Logistics Partners,SME,Maersk Line,Road,Sea,2024-47,"3,0","1,0",,,Dati Validi,0
307,2025-02-28,2025-03-03,,"12955,2","49,12","34771,85",In Transit,Italy,Germany,Nordic Textiles AB,Key Account,Cosco Shipping,Air,Sea,2025-08,,,,,Dati Validi,0
308,2024-12-18,2024-12-25,2024-12-28,"14422,6","61,16","22253,46",Delivered,Germany,Netherlands,Coastal Imports,SME,Maersk,Air,Sea,2024-51,"3,0","1,0",,,Dati Validi,0
309,2024-02-09,2024-02-16,2024-02-23,"5264,9","20,11","14105,37",Delayed,Spain,Italy,Pinnacle Electronics,Key Account,Maersk Line,Road,Sea,2024-06,"7,0",,,,Dati Validi,1
310,2024-10-14,2024-10-22,,"5053,7","25,91","11362,93",Cancelled,Netherlands,Italy,Nordic Textiles AB,Key Account,DHL Global Forwarding,Air,Road,2024-42,,,,,Dati Validi,1
311,2024-04-01,2024-04-05,2024-04-14,"20099,9","95,23","31640,99",Delivered,Spain,Italy,Green Valley Foods,SME,Emirates SkyCargo,Road,Air,2024-14,"9,0","1,0",,,Dati Validi,0
312,2024-03-08,2024-03-13,2024-03-23,"3027,5","10,9","7660,36",Delivered,Sweden,Italy,Green Valley Foods,SME,MSC,Road,Sea,2024-10,"10,0","1,0",,,Dati Validi,0
313,2024-02-03,2024-02-11,2024-03-03,"15516,7","81,2","37100,91",Delivered,Italy,UK,Sunrise Apparel Ltd,Key Account,Lufthansa Cargo,Sea,Air,2024-05,"21,0","1,0",,,Dati Validi,0
314,2024-09-04,2024-09-10,,"9842,0","33,47","15389,78",In Transit,China,Italy,Riverstone Logistics Partners,SME,Maersk,Road,Sea,2024-36,,,,,Dati Validi,0
315,2024-10-18,2024-10-19,2024-10-23,"3625,8","15,37","10196,94",Delivered,Italy,Germany,Green Valley Foods,SME,Maersk Line,Air,Sea,2024-42,"4,0","1,0",,,Dati Validi,0
316,2024-10-02,2024-10-09,2024-10-19,"19028,6","64,49","38982,51",Delivered,Italy,UK,Riverstone Logistics Partners,SME,Lufthansa Cargo,Road,Air,2024-40,"10,0","1,0",,,Dati Validi,0
317,2024-08-17,2024-08-22,2024-08-28,"21276,2","86,34","30333,04",Delayed,China,Italy,Atlantic Furniture Co.,Standard,Maersk Line,Road,Sea,2024-33,"6,0",,,,Dati Validi,1
318,2025-04-22,2025-04-27,,"13738,2","57,8","6137,34",Cancelled,Italy,UK,Green Valley Foods,SME,,Air,Road,2025-16,,,,,Anagrafica Carrier Mancante,1
319,2024-11-01,2024-11-03,2024-11-12,"7431,4","38,81","8918,41",Delivered,Netherlands,Italy,Green Valley Foods,SME,Cosco Shipping,Road,Sea,2024-44,"9,0","1,0",,,Dati Validi,0
320,2025-06-13,2025-06-17,,"18868,1","69,49","26008,06",Cancelled,Sweden,Italy,Riverstone Logistics Partners,SME,Emirates SkyCargo,Sea,Air,2025-23,,,,,Dati Validi,1
321,2024-10-29,2024-11-03,2024-11-11,"8572,6","55,2","18247,24",Delivered,Italy,Portugal,Atlantic Furniture Co.,Standard,MSC,Road,Sea,2024-44,"8,0","1,0",,,Dati Validi,0
322,2025-05-02,2025-05-08,2025-05-18,"18607,0","67,39","46697,65",Delivered,Italy,UK,Sunrise Apparel Ltd,Key Account,DHL Global Forwarding,Road,Road,2025-17,"10,0","1,0","2,509681840167679","692,9462828312807",Dati Validi,0
323,2024-07-06,2024-07-12,2024-08-21,"4928,5","26,86","12476,21",Delivered,Netherlands,Italy,Atlantic Furniture Co,Standard,,Sea,Road,2024-27,"40,0","1,0",,,Anagrafica Carrier Mancante,0
324,2025-04-19,2025-04-21,2025-04-25,"19067,3","80,27","50914,49",Delivered,Netherlands,Italy,Green Valley Foods,SME,DHL Global Forwarding,Air,Road,2025-15,"4,0","1,0",,,Dati Validi,0
325,2024-11-01,2024-11-08,,"18800,6","110,2","16751,13",Cancelled,Spain,Italy,Sunrise Apparel Ltd,Key Account,Cosco Shipping,Sea,Sea,2024-44,,,"0,8909891173685948","152,00662431941925",Dati Validi,1
326,2024-07-03,2024-07-05,2024-08-09,"13901,2","78,75","26780,84",Delivered,Italy,USA,Coastal Imports,SME,,Sea,Road,2024-27,"35,0","1,0",,,Anagrafica Carrier Mancante,0
327,2025-05-16,2025-05-18,,"9570,0","44,63","13898,95",In Transit,Sweden,Italy,Delta Manufacturing,Standard,Lufthansa Cargo,Sea,Air,2025-19,,,,,Dati Validi,0
328,2025-01-17,2025-01-18,,"18339,4","102,69","37391,87",Cancelled,Italy,UK,Nordic Textiles AB,Key Account,MSC,Road,Sea,2025-02,,,,,Dati Validi,1
329,2024-11-15,2024-11-18,2024-11-21,"11098,2","56,65","6244,25",Delivered,Italy,USA,Sunrise Apparel Ltd,Key Account,Lufthansa Cargo,Road,Air,2024-46,"3,0","1,0",,,Dati Validi,0
330,2025-06-20,2025-06-26,2025-07-04,"21900,6","108,74","56314,01",Delayed,Germany,Netherlands,Delta Manufacturing,Standard,,Road,Road,2025-24,"8,0",,"2,571345533912313","517,8775979400405",Anagrafica Carrier Mancante,1
331,2024-08-21,2024-08-25,2024-08-27,"16163,0","67,78","13198,63",Delivered,China,Italy,Sunrise Apparel Ltd,Key Account,Maersk Line,Air,Sea,2024-34,"2,0","1,0",,,Dati Validi,0
332,2024-02-19,2024-02-29,2024-03-01,"2423,1","8,8","1340,27",Delayed,Netherlands,Italy,Riverstone Logistics Partners,SME,MSC,Air,Sea,2024-08,"1,0",,,,Dati Validi,1
333,2024-09-15,2024-09-23,2024-10-17,"15309,5","62,6","17469,24",Delivered,Germany,Netherlands,Mediterraneo Ceramiche,Standard,CMA CGM,Sea,Sea,2024-37,"24,0","1,0","1,1410718834710476","279,0613418530352",Dati Validi,0
334,2025-03-04,2025-03-06,2025-03-11,"13608,5","70,73","31298,19",Delayed,Sweden,Italy,Riverstone Logistics Partners,SME,Cosco Shipping,Air,Sea,2025-09,"5,0",,,,Dati Validi,1
335,2024-07-25,2024-07-31,2024-08-04,"3570,2","15,37","142789,8",Delivered,Germany,Netherlands,Coastal Imports,SME,Lufthansa Cargo,Air,Air,2024-30,"4,0","1,0","39,99490224637275","9290,162654521795",Dati Validi,0
336,2024-01-14,2024-01-16,,"12652,7","56,46","34215,25",Cancelled,China,Italy,Mediterraneo Ceramiche,Standard,DHL Global Forwarding,Sea,Road,2024-02,,,,,Dati Validi,1
337,2025-04-12,2025-04-17,2025-04-20,"1149,3","4,23","3219,17",Delivered,Italy,UK,Atlantic Furniture Co,Standard,Maersk,Air,Sea,2025-14,"3,0","1,0",,,Dati Validi,0
338,2024-04-07,2024-04-08,,"3087,8","12,5","4033,82",Cancelled,Italy,Germany,Green Valley Foods,SME,DHL Global Forwarding,Air,Road,2024-14,,,,,Dati Validi,1
339,2025-01-16,2025-01-22,2025-01-26,"8847,1","30,06","9495,68",Delivered,Italy,Germany,Coastal Imports,SME,Emirates SkyCargo,Road,Air,2025-02,"4,0","1,0",,,Dati Validi,0
340,2024-04-25,2024-04-28,,"3548,7","16,71","6781,62",Cancelled,Sweden,Italy,Mediterraneo Ceramiche,Standard,CMA CGM,Road,Sea,2024-17,,,,,Dati Validi,1
341,2025-01-02,2025-01-12,,"15074,0","54,66","41342,22",Cancelled,Spain,Italy,Riverstone Logistics Partners,SME,,Sea,Road,2025-00,,,,,Anagrafica Carrier Mancante,1
342,2024-02-17,2024-02-19,2024-02-22,"6947,5","27,17","14401,42",Delayed,Italy,Portugal,Mediterraneo Ceramiche,Standard,Maersk,Air,Sea,2024-07,"3,0",,,,Dati Validi,1
343,2025-06-15,2025-06-24,2025-06-27,"14574,6","77,82","18210,53",Delivered,Italy,USA,Coastal Imports,SME,Lufthansa Cargo,Road,Air,2025-23,"3,0","1,0",,,Dati Validi,0
344,2024-01-12,2024-01-15,,"10350,9","46,13","8562,35",Cancelled,China,Italy,Pinnacle Electronics,Key Account,Maersk Line,Road,Sea,2024-02,,,,,Dati Validi,1
345,2024-02-21,2024-03-01,,"14170,8","67,32","13871,33",In Transit,Netherlands,Italy,Green Valley Foods,SME,Lufthansa Cargo,Air,Air,2024-08,,,"0,9788671070087787","206,05065359477126",Dati Validi,0
346,2025-04-02,2025-04-08,2025-05-01,"16408,0","107,48","22512,87",Delivered,Italy,Portugal,Coastal Imports,SME,,Sea,Road,2025-13,"23,0","1,0",,,Anagrafica Carrier Mancante,0
347,2025-06-04,2025-06-13,2025-07-09,"14788,9","50,55","18880,8",Delayed,Netherlands,Italy,Far East Trading Co,Standard,MSC,Sea,Sea,2025-22,"26,0",,"1,2766872451636024","373,5074183976261",Dati Validi,1
348,2025-04-29,2025-05-05,2025-05-09,"2188,7","8,8","1061,32",Delivered,Germany,Netherlands,Sunrise Apparel Ltd,Key Account,,Air,Road,2025-17,"4,0","1,0",,,Anagrafica Carrier Mancante,0
349,2025-01-17,2025-01-19,2025-01-21,"10858,7","39,74","23887,19",Delivered,Germany,Netherlands,Riverstone Logistics Partners,SME,Emirates SkyCargo,Road,Air,2025-02,"2,0","1,0",,,Dati Validi,0
350,2025-02-06,2025-02-10,,"17202,2","66,8","11525,08",Cancelled,Italy,Germany,Delta Manufacturing,Standard,Lufthansa Cargo,Sea,Air,2025-05,,,,,Dati Validi,1
351,2025-05-31,2025-06-03,2025-06-07,"11691,5","74,33","31264,56",Delivered,Italy,Portugal,Riverstone Logistics Partners,SME,Maersk,Air,Sea,2025-21,"4,0","1,0",,,Dati Validi,0
352,2024-05-11,2024-05-13,2024-06-14,"13232,0","46,85","21486,36",Delayed,Sweden,Italy,Mediterraneo Ceramiche,Standard,Cosco Shipping,Sea,Sea,2024-19,"32,0",,"1,6238180169286578","458,6202774813234",Dati Validi,1
353,2024-12-17,2024-12-22,,"2977,5","14,05","6505,25",Cancelled,Spain,Italy,Coastal Imports,SME,Lufthansa Cargo,Air,Air,2024-51,,,"2,1848026868178003","463,0071174377224",Dati Validi,1
354,2024-08-10,2024-08-14,,"15730,7","62,18","41167,09",In Transit,Germany,Netherlands,Delta Manufacturing,Standard,Cosco Shipping,Air,Sea,2024-32,,,,,Dati Validi,0
355,2024-11-26,2024-11-28,,"10594,1","44,97","21396,79",In Transit,Germany,Netherlands,Pinnacle Electronics ,Key Account,Maersk Line,Road,Sea,2024-48,,,,,Dati Validi,0
356,2024-01-14,2024-01-23,2024-01-24,"8410,1","53,24","4650,01",Delivered,Spain,Italy,Pinnacle Electronics ,Key Account,Cosco Shipping,Air,Sea,2024-02,"1,0","1,0",,,Dati Validi,0
357,2024-05-29,2024-05-30,2024-06-05,"16591,4","107,15","39136,43",Delivered,Netherlands,Italy,Atlantic Furniture Co.,Standard,Emirates SkyCargo,Road,Air,2024-22,"6,0","1,0",,,Dati Validi,0
358,2025-02-02,2025-02-06,,"17540,5","68,94","36253,31",Cancelled,Germany,Netherlands,Riverstone Logistics Partners,SME,Cosco Shipping,Sea,Sea,2025-04,,,"2,066834468800775","525,8675659994198",Dati Validi,1
359,2024-02-25,2024-02-26,2024-02-29,"13671,3","51,18","34358,56",Delivered,Italy,USA,Pinnacle Electronics,Key Account,CMA CGM,Air,Sea,2024-08,"3,0","1,0",,,Dati Validi,0
360,2024-07-20,2024-07-24,2024-07-30,"3944,5","15,63","3458,7",Delivered,Germany,Netherlands,Riverstone Logistics Partners,SME,DHL Global Forwarding,Road,Road,2024-29,"6,0","1,0","0,876841171251109","221,2859884836852",Dati Validi,0
361,2025-03-14,2025-03-19,2025-03-24,"2905,0","12,23","3105,67",Delivered,China,Italy,Far East Trading Co,Standard,Maersk,Air,Sea,2025-10,"5,0","1,0",,,Dati Validi,0
362,2024-11-26,2024-12-06,,"20515,8","84,66","41018,11",Cancelled,Sweden,Italy,Pinnacle Electronics ,Key Account,Maersk Line,Sea,Sea,2024-48,,,"1,9993424580079744","484,50401606425703",Dati Validi,1
363,2024-11-21,2024-11-30,2024-12-02,"11477,3","42,84","9220,94",Delivered,Italy,Germany,Coastal Imports,SME,Cosco Shipping,Air,Sea,2024-47,"2,0","1,0",,,Dati Validi,0
364,2024-08-06,2024-08-12,2024-08-15,"-6494,0","22,2","12450,07",Delivered,Italy,UK,Pinnacle Electronics,Key Account,Maersk,Air,Sea,2024-32,"3,0","1,0",,,Valori Negativi o Zero,0
365,2025-04-01,2025-04-05,,"20213,4","108,34","10379,87",In Transit,Italy,USA,Far East Trading Co,Standard,MSC,Sea,Sea,2025-13,,,"0,5135143023934617","95,80828872069412",Dati Validi,0
366,2024-10-16,2024-10-17,,"16962,4","74,68","27715,85",Cancelled,Netherlands,Italy,Pinnacle Electronics,Key Account,Maersk,Air,Sea,2024-42,,,,,Dati Validi,1
367,2024-03-25,2024-03-27,,"11858,5","78,48","6891,37",Cancelled,Germany,Netherlands,Delta Manufacturing,Standard,Lufthansa Cargo,Air,Air,2024-13,,,"0,581133364253489","87,8105249745158",Dati Validi,1
368,2025-03-21,2025-03-23,2025-04-16,"10130,0","50,71","6248,8",Delivered,Italy,UK,Sunrise Apparel Ltd,Key Account,CMA CGM,Sea,Sea,2025-11,"24,0","1,0","0,6168608094768016","123,22618812857425",Dati Validi,0
369,2024-09-21,2024-09-28,2024-10-30,"13883,3","64,59","6401,78",Delivered,Italy,UK,Delta Manufacturing,Standard,Cosco Shipping,Sea,Sea,2024-38,"32,0","1,0","0,4611137121577723","99,11410435051864",Dati Validi,0
370,2024-02-16,2024-02-18,,"2379,7","8,88","2753,26",In Transit,Italy,Germany,Far East Trading Co,Standard,MSC,Road,Sea,2024-07,,,,,Dati Validi,0
371,2025-04-30,2025-05-03,2025-05-08,"3043,6","14,59","7283,78",Delivered,China,Italy,Mediterraneo Ceramiche,Standard,CMA CGM,Air,Sea,2025-17,"5,0","1,0",,,Dati Validi,0
372,2024-01-12,2024-01-21,2024-01-26,"2755,0","18,27","5285,09",Delivered,Italy,USA,Riverstone Logistics Partners,SME,Maersk Line,Air,Sea,2024-02,"5,0","1,0",,,Dati Validi,0
373,2024-08-04,2024-08-11,,"11300,5","64,89","10850,4",Cancelled,Italy,USA,Atlantic Furniture Co,Standard,Emirates SkyCargo,Sea,Air,2024-31,,,,,Dati Validi,1
374,2025-04-17,2025-04-26,2025-05-18,"14793,5","78,86","13179,8",Delivered,China,Italy,Sunrise Apparel Ltd,Key Account,Maersk,Sea,Sea,2025-15,"22,0","1,0","0,8909183087166661","167,12908952574182",Dati Validi,0
375,2024-04-12,2024-04-17,2024-05-26,"19807,6","100,21","29611,68",Delivered,Italy,UK,Green Valley Foods,SME,DHL Global Forwarding,Sea,Road,2024-15,"39,0","1,0",,,Dati Validi,0
376,2024-11-19,2024-11-26,2024-11-30,"6925,1","25,85","14881,25",Delivered,Italy,USA,Delta Manufacturing,Standard,Maersk Line,Road,Sea,2024-47,"4,0","1,0",,,Dati Validi,0
377,2025-05-06,2025-05-14,2025-06-17,"17056,1","76,47","11553,41",Delivered,Italy,USA,Delta Manufacturing,Standard,DHL Global Forwarding,Sea,Road,2025-18,"34,0","1,0",,,Dati Validi,0
378,2024-07-20,2024-07-25,2024-09-03,"16017,0","56,43","39336,68",Delivered,Germany,Netherlands,Atlantic Furniture Co,Standard,Emirates SkyCargo,Sea,Air,2024-29,"40,0","1,0",,,Dati Validi,0
379,2024-02-07,2024-02-16,,"19673,0","85,18","38845,63",In Transit,Italy,UK,Coastal Imports,SME,CMA CGM,Road,Sea,2024-06,,,,,Dati Validi,0
380,2024-05-17,2024-05-25,,"2037,7","9,96","1000,49",In Transit,Netherlands,Italy,Pinnacle Electronics,Key Account,Lufthansa Cargo,Road,Air,2024-20,,,,,Dati Validi,0
381,2025-04-01,2025-04-04,,"20874,2","83,86","57138,95",In Transit,Sweden,Italy,Coastal Imports,SME,Maersk Line,Road,Sea,2025-13,,,,,Dati Validi,0
382,2025-05-14,2025-05-18,2025-06-09,"8159,1","52,16","7680,36",Delivered,Italy,UK,Mediterraneo Ceramiche,Standard,DHL Global Forwarding,Sea,Road,2025-19,"22,0","1,0",,,Dati Validi,0
383,2024-02-17,2024-02-18,2024-02-21,"15497,0","67,91","37397,91",Delivered,Italy,Portugal,Green Valley Foods,SME,CMA CGM,Air,Sea,2024-07,"3,0","1,0",,,Dati Validi,0
384,2025-01-20,2025-01-27,,"14390,7","52,27","23782,33",In Transit,Sweden,Italy,Delta Manufacturing,Standard,Cosco Shipping,Road,Sea,2025-03,,,,,Dati Validi,0
385,2024-12-19,2024-12-27,,"194,8","0,69","414,08",In Transit,Italy,USA,Sunrise Apparel Ltd,Key Account,Cosco Shipping,Air,Sea,2024-51,,,,,Dati Validi,0
386,2024-07-10,2024-07-13,,"15794,8","94,16","15383,69",In Transit,Sweden,Italy,Far East Trading Co,Standard,Emirates SkyCargo,Sea,Air,2024-28,,,,,Dati Validi,0
387,2025-05-05,2025-05-09,2025-05-14,"14257,3","67,37","14135,47",Delivered,Italy,Portugal,Pinnacle Electronics ,Key Account,Maersk,Air,Sea,2025-18,"5,0","1,0",,,Dati Validi,0
388,2024-02-10,2024-02-20,2024-03-15,"3701,2","12,84","6261,65",Delivered,Germany,Netherlands,Coastal Imports,SME,Maersk Line,Sea,Sea,2024-06,"24,0","1,0","1,6917891494650383","487,667445482866",Dati Validi,0
389,2024-03-28,2024-04-01,,"21841,4","77,98","18018,19",In Transit,Netherlands,Italy,Coastal Imports,SME,MSC,Road,Sea,2024-13,,,,,Dati Validi,0
390,2025-06-07,2025-06-12,2025-06-16,"15098,7","52,36","27730,08",Delayed,Sweden,Italy,Coastal Imports,SME,Maersk Line,Road,Sea,2025-22,"4,0",,,,Dati Validi,1
391,2024-01-17,2024-01-21,,"20010,0","79,2","47958,45",Cancelled,Italy,Germany,Pinnacle Electronics,Key Account,CMA CGM,Sea,Sea,2024-03,,,"2,3967241379310344","605,5359848484848",Dati Validi,1
392,2025-05-30,2025-06-01,2025-06-04,"14523,7","50,91","24657,73",Delivered,China,Italy,Atlantic Furniture Co.,Standard,,Road,Road,2025-21,"3,0","1,0","1,6977581470286496","484,33961893537617",Anagrafica Carrier Mancante,0
393,2025-01-14,2025-01-15,2025-01-25,"5087,2","18,82","11858,22",Delivered,Spain,Italy,Riverstone Logistics Partners,SME,CMA CGM,Road,Sea,2025-02,"10,0","1,0",,,Dati Validi,0
394,2024-09-17,2024-09-25,,"1889,8","7,88","3362,25",Cancelled,Sweden,Italy,Coastal Imports,SME,Maersk,Air,Sea,2024-38,,,,,Dati Validi,1
395,2024-04-30,2024-05-09,2024-05-11,"14417,3","56,95","16874,39",Delivered,Germany,Netherlands,Nordic Textiles AB,Key Account,MSC,Road,Sea,2024-18,"2,0","1,0",,,Dati Validi,0
396,2024-09-24,2024-10-03,,"8075,9","42,21","16736,21",In Transit,Netherlands,Italy,Atlantic Furniture Co.,Standard,CMA CGM,Road,Sea,2024-39,,,,,Dati Validi,0
397,2024-07-02,2024-07-08,,"10668,5","35,77","19378,78",In Transit,Italy,Portugal,Pinnacle Electronics,Key Account,Cosco Shipping,Road,Sea,2024-27,,,,,Dati Validi,0
398,2024-08-23,2024-08-31,2024-09-04,"4757,4","22,65","6009,86",Delivered,Italy,Germany,Pinnacle Electronics,Key Account,Maersk Line,Road,Sea,2024-34,"4,0","1,0",,,Dati Validi,0
399,2024-01-06,2024-01-08,2024-02-01,"20372,7","94,62","11409,88",Delivered,Spain,Italy,Pinnacle Electronics ,Key Account,MSC,Sea,Sea,2024-01,"24,0","1,0","0,560057331625165","120,58634538152609",Dati Validi,0
400,2025-02-14,2025-02-24,2025-03-06,"15669,7","65,39","42170,76",Delivered,Spain,Italy,Atlantic Furniture Co,Standard,MSC,Road,Sea,2025-06,"10,0","1,0",,,Dati Validi,0
401,2024-07-25,2024-08-03,2024-08-06,"787,7","3,28","1421,3",Delivered,China,Italy,Riverstone Logistics Partners,SME,,Air,Road,2024-30,"3,0","1,0",,,Anagrafica Carrier Mancante,0
402,2024-01-01,2024-01-04,2024-01-05,"17163,8","84,56","350967,45",Delivered,Italy,UK,Atlantic Furniture Co.,Standard,MSC,Air,Sea,2024-01,"1,0","1,0",,,Dati Validi,0
403,2024-04-02,2024-04-11,2024-04-17,"18263,3","63,58","22950,15",Delayed,Italy,Germany,Far East Trading Co,Standard,MSC,Road,Sea,2024-14,"6,0",,,,Dati Validi,1
404,2025-04-10,2025-04-17,2025-04-19,"3892,0","17,23","7000,97",Delivered,Italy,UK,Delta Manufacturing,Standard,Lufthansa Cargo,Road,Air,2025-14,"2,0","1,0",,,Dati Validi,0
405,2024-09-13,2024-09-21,,"10665,7","57,19","13282,27",In Transit,Netherlands,Italy,Green Valley Foods,SME,Maersk,Road,Sea,2024-37,,,,,Dati Validi,0
406,2025-05-08,2025-05-10,2025-05-16,"8449,7","31,49","8144,49",Delivered,China,Italy,Riverstone Logistics Partners,SME,,Road,Road,2025-18,"6,0","1,0","0,9638791909771943","258,63734518894887",Anagrafica Carrier Mancante,0
407,2024-01-10,2024-01-15,2024-01-17,"2091,6","8,33","5034,91",Delivered,Germany,Netherlands,Green Valley Foods,SME,CMA CGM,Air,Sea,2024-02,"2,0","1,0",,,Dati Validi,0
408,2024-08-11,2024-08-21,2024-08-24,"20839,2","82,54","54069,51",Delivered,Italy,USA,Atlantic Furniture Co.,Standard,,Air,Road,2024-32,"3,0","1,0",,,Anagrafica Carrier Mancante,0
409,2024-09-28,2024-10-02,2024-10-07,"18376,9","66,72","23375,82",Delivered,Italy,UK,Sunrise Apparel Ltd,Key Account,Lufthansa Cargo,Road,Air,2024-39,"5,0","1,0",,,Dati Validi,0
410,2024-01-07,2024-01-16,,"10636,3","43,75","17217,43",Cancelled,Italy,Portugal,Atlantic Furniture Co,Standard,Maersk,Road,Sea,2024-01,,,,,Dati Validi,1
411,2025-06-07,2025-06-12,2025-06-16,"16516,2","97,59","27644,16",Delivered,Sweden,Italy,Coastal Imports,SME,Emirates SkyCargo,Air,Air,2025-22,"4,0","1,0","1,6737603080611763","283,268367660621",Dati Validi,0
412,2025-02-07,2025-02-10,2025-02-19,"15376,5","70,21","31639,09",Delivered,Italy,USA,Far East Trading Co,Standard,MSC,Road,Sea,2025-05,"9,0","1,0",,,Dati Validi,0
413,2024-11-29,2024-12-05,2024-12-11,"12091,0","65,16","18778,67",Delivered,Italy,Germany,Sunrise Apparel Ltd,Key Account,CMA CGM,Road,Sea,2024-48,"6,0","1,0",,,Dati Validi,0
414,2024-08-03,2024-08-10,2024-08-13,"18802,5","97,96","15734,58",Delivered,Spain,Italy,Green Valley Foods,SME,Maersk Line,Air,Sea,2024-31,"3,0","1,0",,,Dati Validi,0
415,2024-08-29,2024-09-07,,"8410,4","48,93","22826,86",Cancelled,Netherlands,Italy,Coastal Imports,SME,Lufthansa Cargo,Sea,Air,2024-35,,,,,Dati Validi,1
416,2024-05-17,2024-05-26,2024-05-31,"6980,2","31,3","7346,99",Delayed,Italy,Portugal,Nordic Textiles AB,Key Account,Maersk Line,Air,Sea,2024-20,"5,0",,,,Dati Validi,1
417,2024-03-02,2024-03-06,2024-04-03,"18465,4","112,29","40525,19",Delivered,Sweden,Italy,Nordic Textiles AB,Key Account,CMA CGM,Sea,Sea,2024-09,"28,0","1,0","2,1946554095768303","360,8975866061092",Dati Validi,0
418,2024-12-18,2024-12-19,2024-12-27,"7756,4","30,79","14627,47",Delivered,Netherlands,Italy,Green Valley Foods,SME,Cosco Shipping,Road,Sea,2024-51,"8,0","1,0",,,Dati Validi,0
419,2024-12-29,2025-01-04,2025-02-09,"17055,6","78,58","10296,51",Delivered,Netherlands,Italy,Riverstone Logistics Partners,SME,Cosco Shipping,Sea,Sea,2024-52,"36,0","1,0","0,6037025962147331","131,0321964876559",Dati Validi,0
420,2025-03-07,2025-03-17,2025-04-24,"18683,4","116,26","14867,32",Delivered,Italy,USA,Mediterraneo Ceramiche,Standard,Maersk Line,Sea,Sea,2025-09,"38,0","1,0","0,7957502381793463","127,87992430758644",Dati Validi,0
